gameId,playId,nflId,frameId,time,jerseyNumber,team,playDirection,x,y,s,a,dis,o,dir,event
2021091202,1319,39684.0,1,2021-09-12T18:02:55.500,62.0,NYJ,left,60.39,31.49,0.0,0.08,0.0,277.99,258.99,None
2021091202,1319,39684.0,2,2021-09-12T18:02:55.600,62.0,NYJ,left,60.39,31.5,0.02,0.2,0.0,277.99,318.15,None
2021091202,1319,39684.0,3,2021-09-12T18:02:55.700,62.0,NYJ,left,60.38,31.5,0.08,0.5,0.01,279.22,324.16,None
2021091202,1319,39684.0,4,2021-09-12T18:02:55.800,62.0,NYJ,left,60.37,31.52,0.23,0.94,0.02,278.41,321.73,None
2021091202,1319,39684.0,5,2021-09-12T18:02:55.900,62.0,NYJ,left,60.36,31.57,0.41,1.19,0.04,284.43,341.11,None
2021091202,1319,39684.0,6,2021-09-12T18:02:56.000,62.0,NYJ,left,60.36,31.61,0.5,0.99,0.04,286.34,350.61,autoevent_ballsnap
2021091202,1319,39684.0,7,2021-09-12T18:02:56.100,62.0,NYJ,left,60.39,31.67,0.61,0.9,0.07,287.21,8.32,ball_snap
2021091202,1319,39684.0,8,2021-09-12T18:02:56.200,62.0,NYJ,left,60.41,31.74,0.72,0.8,0.07,288.67,15.09,None
2021091202,1319,39684.0,9,2021-09-12T18:02:56.300,62.0,NYJ,left,60.44,31.81,0.77,0.73,0.07,292.05,21.77,None
2021091202,1319,39684.0,10,2021-09-12T18:02:56.400,62.0,NYJ,left,60.51,31.87,0.84,0.89,0.09,298.01,34.92,None
2021091202,1319,39684.0,11,2021-09-12T18:02:56.500,62.0,NYJ,left,60.57,31.94,0.91,0.84,0.09,305.55,41.47,None
2021091202,1319,39684.0,12,2021-09-12T18:02:56.600,62.0,NYJ,left,60.63,32.01,0.95,0.7,0.1,313.67,46.37,None
2021091202,1319,39684.0,13,2021-09-12T18:02:56.700,62.0,NYJ,left,60.72,32.07,1.0,0.67,0.1,326.58,52.59,None
2021091202,1319,39684.0,14,2021-09-12T18:02:56.800,62.0,NYJ,left,60.83,32.12,1.13,0.8,0.13,334.32,61.57,None
2021091202,1319,39684.0,15,2021-09-12T18:02:56.900,62.0,NYJ,left,60.98,32.18,1.36,0.97,0.16,333.7,67.72,None
2021091202,1319,39684.0,16,2021-09-12T18:02:57.000,62.0,NYJ,left,61.14,32.23,1.57,1.01,0.17,342.51,72.66,None
2021091202,1319,39684.0,17,2021-09-12T18:02:57.100,62.0,NYJ,left,61.33,32.28,1.78,0.97,0.19,348.07,75.74,None
2021091202,1319,39684.0,18,2021-09-12T18:02:57.200,62.0,NYJ,left,61.55,32.3,2.08,1.14,0.23,349.26,81.3,None
2021091202,1319,39684.0,19,2021-09-12T18:02:57.300,62.0,NYJ,left,61.77,32.32,2.19,0.92,0.22,343.38,83.9,None
2021091202,1319,39684.0,20,2021-09-12T18:02:57.400,62.0,NYJ,left,62.01,32.34,2.3,0.71,0.24,332.76,86.31,None
2021091202,1319,39684.0,21,2021-09-12T18:02:57.500,62.0,NYJ,left,62.32,32.34,2.65,0.79,0.31,356.62,89.23,None
2021091202,1319,39684.0,22,2021-09-12T18:02:57.600,62.0,NYJ,left,62.64,32.3,2.91,0.87,0.33,16.03,93.72,None
2021091202,1319,39684.0,23,2021-09-12T18:02:57.700,62.0,NYJ,left,62.95,32.25,3.02,0.86,0.31,20.94,96.69,None
2021091202,1319,39684.0,24,2021-09-12T18:02:57.800,62.0,NYJ,left,63.27,32.2,3.12,0.87,0.33,23.81,99.35,None
2021091202,1319,39684.0,25,2021-09-12T18:02:57.900,62.0,NYJ,left,63.59,32.12,3.18,1.06,0.33,23.81,102.28,None
2021091202,1319,39684.0,26,2021-09-12T18:02:58.000,62.0,NYJ,left,63.9,32.03,3.17,1.33,0.32,21.9,105.79,None
2021091202,1319,39684.0,27,2021-09-12T18:02:58.100,62.0,NYJ,left,64.16,31.93,2.9,2.01,0.28,15.37,110.49,None
2021091202,1319,39684.0,28,2021-09-12T18:02:58.200,62.0,NYJ,left,64.4,31.81,2.72,2.37,0.28,18.96,115.77,None
2021091202,1319,39684.0,29,2021-09-12T18:02:58.300,62.0,NYJ,left,64.62,31.68,2.5,2.55,0.26,21.36,121.06,None
2021091202,1319,39684.0,30,2021-09-12T18:02:58.400,62.0,NYJ,left,64.82,31.54,2.3,2.56,0.24,19.27,126.51,None
2021091202,1319,39684.0,31,2021-09-12T18:02:58.500,62.0,NYJ,left,64.99,31.4,2.12,2.39,0.22,23.09,130.27,None
2021091202,1319,39684.0,32,2021-09-12T18:02:58.600,62.0,NYJ,left,65.14,31.26,1.95,2.16,0.2,23.09,134.21,autoevent_passforward
2021091202,1319,39684.0,33,2021-09-12T18:02:58.700,62.0,NYJ,left,65.28,31.13,1.79,1.93,0.19,24.22,137.65,pass_forward
2021091202,1319,39684.0,34,2021-09-12T18:02:58.800,62.0,NYJ,left,65.36,31.01,1.53,1.88,0.14,26.36,141.54,None
2021091202,1319,39684.0,35,2021-09-12T18:02:58.900,62.0,NYJ,left,65.43,30.92,1.24,1.89,0.11,27.88,145.4,None
2021091202,1319,39684.0,36,2021-09-12T18:02:59.000,62.0,NYJ,left,65.49,30.84,1.02,1.87,0.1,24.62,146.86,None
2021091202,1319,39684.0,37,2021-09-12T18:02:59.100,62.0,NYJ,left,65.56,30.79,0.8,1.75,0.09,19.44,140.21,None
2021091202,1319,40149.0,1,2021-09-12T18:02:55.500,86.0,NYJ,left,60.2,34.65,0.0,0.0,0.13,271.24,191.77,None
2021091202,1319,40149.0,2,2021-09-12T18:02:55.600,86.0,NYJ,left,60.12,34.6,0.0,0.0,0.09,290.52,206.77,None
2021091202,1319,40149.0,3,2021-09-12T18:02:55.700,86.0,NYJ,left,60.04,34.64,0.01,0.16,0.09,312.38,270.88,None
2021091202,1319,40149.0,4,2021-09-12T18:02:55.800,86.0,NYJ,left,59.95,34.72,0.13,1.16,0.12,283.7,298.19,None
2021091202,1319,40149.0,5,2021-09-12T18:02:55.900,86.0,NYJ,left,59.91,34.71,0.31,1.44,0.04,272.25,281.24,None
2021091202,1319,40149.0,6,2021-09-12T18:02:56.000,86.0,NYJ,left,59.9,34.72,0.68,2.23,0.01,266.68,264.75,autoevent_ballsnap
2021091202,1319,40149.0,7,2021-09-12T18:02:56.100,86.0,NYJ,left,59.83,34.71,0.96,2.19,0.07,280.24,266.54,ball_snap
2021091202,1319,40149.0,8,2021-09-12T18:02:56.200,86.0,NYJ,left,59.73,34.69,1.4,2.39,0.1,226.26,277.68,None
2021091202,1319,40149.0,9,2021-09-12T18:02:56.300,86.0,NYJ,left,59.6,34.71,1.97,2.72,0.13,237.29,274.47,None
2021091202,1319,40149.0,10,2021-09-12T18:02:56.400,86.0,NYJ,left,59.39,34.72,2.46,2.84,0.21,238.91,274.68,None
2021091202,1319,40149.0,11,2021-09-12T18:02:56.500,86.0,NYJ,left,59.13,34.74,2.91,2.88,0.27,240.17,274.11,None
2021091202,1319,40149.0,12,2021-09-12T18:02:56.600,86.0,NYJ,left,58.81,34.77,3.3,2.7,0.31,240.17,275.18,None
2021091202,1319,40149.0,13,2021-09-12T18:02:56.700,86.0,NYJ,left,58.47,34.79,3.57,2.26,0.35,257.93,275.89,None
2021091202,1319,40149.0,14,2021-09-12T18:02:56.800,86.0,NYJ,left,58.1,34.84,3.79,1.9,0.37,271.89,278.1,None
2021091202,1319,40149.0,15,2021-09-12T18:02:56.900,86.0,NYJ,left,57.72,34.9,3.93,1.64,0.39,287.28,280.89,None
2021091202,1319,40149.0,16,2021-09-12T18:02:57.000,86.0,NYJ,left,57.33,34.99,4.04,1.95,0.4,300.01,285.77,None
2021091202,1319,40149.0,17,2021-09-12T18:02:57.100,86.0,NYJ,left,56.94,35.12,4.15,2.52,0.41,311.56,291.03,None
2021091202,1319,40149.0,18,2021-09-12T18:02:57.200,86.0,NYJ,left,56.55,35.28,4.26,2.73,0.42,317.65,295.1,None
2021091202,1319,40149.0,19,2021-09-12T18:02:57.300,86.0,NYJ,left,56.17,35.49,4.36,2.97,0.43,321.12,300.45,None
2021091202,1319,40149.0,20,2021-09-12T18:02:57.400,86.0,NYJ,left,55.8,35.73,4.43,2.9,0.44,322.39,305.07,None
2021091202,1319,40149.0,21,2021-09-12T18:02:57.500,86.0,NYJ,left,55.43,35.99,4.57,2.14,0.45,327.07,306.43,None
2021091202,1319,40149.0,22,2021-09-12T18:02:57.600,86.0,NYJ,left,55.05,36.25,4.6,1.15,0.46,331.02,306.38,None
2021091202,1319,40149.0,23,2021-09-12T18:02:57.700,86.0,NYJ,left,54.66,36.52,4.73,0.39,0.48,335.2,305.68,None
2021091202,1319,40149.0,24,2021-09-12T18:02:57.800,86.0,NYJ,left,54.24,36.78,4.9,0.94,0.49,332.66,301.85,None
2021091202,1319,40149.0,25,2021-09-12T18:02:57.900,86.0,NYJ,left,53.81,37.02,4.91,1.75,0.49,332.66,298.44,None
2021091202,1319,40149.0,26,2021-09-12T18:02:58.000,86.0,NYJ,left,53.36,37.23,4.98,2.29,0.5,333.42,294.47,None
2021091202,1319,40149.0,27,2021-09-12T18:02:58.100,86.0,NYJ,left,52.88,37.4,5.07,2.86,0.51,334.3,289.14,None
2021091202,1319,40149.0,28,2021-09-12T18:02:58.200,86.0,NYJ,left,52.39,37.52,5.11,3.66,0.51,320.56,282.24,None
2021091202,1319,40149.0,29,2021-09-12T18:02:58.300,86.0,NYJ,left,51.87,37.6,5.25,4.05,0.52,315.52,276.5,None
2021091202,1319,40149.0,30,2021-09-12T18:02:58.400,86.0,NYJ,left,51.33,37.62,5.45,4.05,0.54,276.39,270.87,None
2021091202,1319,40149.0,31,2021-09-12T18:02:58.500,86.0,NYJ,left,50.76,37.58,5.67,4.15,0.57,154.88,264.76,None
2021091202,1319,40149.0,32,2021-09-12T18:02:58.600,86.0,NYJ,left,50.19,37.48,5.87,4.23,0.58,158.04,258.95,autoevent_passforward
2021091202,1319,40149.0,33,2021-09-12T18:02:58.700,86.0,NYJ,left,49.61,37.34,6.02,3.89,0.6,158.04,254.61,pass_forward
2021091202,1319,40149.0,34,2021-09-12T18:02:58.800,86.0,NYJ,left,49.03,37.14,6.15,3.65,0.61,151.05,249.97,None
2021091202,1319,40149.0,35,2021-09-12T18:02:58.900,86.0,NYJ,left,48.46,36.89,6.3,3.58,0.63,149.45,245.32,None
2021091202,1319,40149.0,36,2021-09-12T18:02:59.000,86.0,NYJ,left,47.9,36.6,6.32,3.38,0.63,152.02,241.45,None
2021091202,1319,40149.0,37,2021-09-12T18:02:59.100,86.0,NYJ,left,47.36,36.29,6.25,3.14,0.62,150.19,238.24,None
2021091202,1319,41341.0,1,2021-09-12T18:02:55.500,90.0,CAR,left,58.37,28.59,0.01,0.11,0.0,20.62,312.15,None
2021091202,1319,41341.0,2,2021-09-12T18:02:55.600,90.0,CAR,left,58.35,28.6,0.07,0.25,0.02,21.2,305.1,None
2021091202,1319,41341.0,3,2021-09-12T18:02:55.700,90.0,CAR,left,58.34,28.61,0.12,0.22,0.02,17.16,305.36,None
2021091202,1319,41341.0,4,2021-09-12T18:02:55.800,90.0,CAR,left,58.38,28.65,0.19,0.35,0.06,9.79,7.48,None
2021091202,1319,41341.0,5,2021-09-12T18:02:55.900,90.0,CAR,left,58.41,28.67,0.31,1.25,0.04,19.61,39.06,None
2021091202,1319,41341.0,6,2021-09-12T18:02:56.000,90.0,CAR,left,58.45,28.68,0.53,1.89,0.04,21.79,59.81,autoevent_ballsnap
2021091202,1319,41341.0,7,2021-09-12T18:02:56.100,90.0,CAR,left,58.53,28.7,0.85,2.42,0.08,20.97,77.83,ball_snap
2021091202,1319,41341.0,8,2021-09-12T18:02:56.200,90.0,CAR,left,58.62,28.71,1.05,2.55,0.08,22.18,84.31,None
2021091202,1319,41341.0,9,2021-09-12T18:02:56.300,90.0,CAR,left,58.73,28.72,1.25,1.62,0.12,28.2,85.77,None
2021091202,1319,41341.0,10,2021-09-12T18:02:56.400,90.0,CAR,left,58.86,28.74,1.38,0.84,0.13,43.07,83.67,None
2021091202,1319,41341.0,11,2021-09-12T18:02:56.500,90.0,CAR,left,58.99,28.75,1.34,0.15,0.13,59.73,85.07,None
2021091202,1319,41341.0,12,2021-09-12T18:02:56.600,90.0,CAR,left,59.12,28.76,1.31,0.38,0.13,61.59,85.39,None
2021091202,1319,41341.0,13,2021-09-12T18:02:56.700,90.0,CAR,left,59.26,28.77,1.3,0.59,0.14,61.59,84.31,None
2021091202,1319,41341.0,14,2021-09-12T18:02:56.800,90.0,CAR,left,59.42,28.83,1.47,0.55,0.18,88.32,76.9,None
2021091202,1319,41341.0,15,2021-09-12T18:02:56.900,90.0,CAR,left,59.56,28.88,1.42,0.77,0.14,101.94,71.03,None
2021091202,1319,41341.0,16,2021-09-12T18:02:57.000,90.0,CAR,left,59.69,28.94,1.4,0.82,0.14,109.67,66.99,None
2021091202,1319,41341.0,17,2021-09-12T18:02:57.100,90.0,CAR,left,59.83,29.0,1.45,0.71,0.16,117.28,64.07,None
2021091202,1319,41341.0,18,2021-09-12T18:02:57.200,90.0,CAR,left,60.0,29.08,1.6,0.5,0.18,125.51,62.63,None
2021091202,1319,41341.0,19,2021-09-12T18:02:57.300,90.0,CAR,left,60.16,29.17,1.73,0.39,0.19,130.51,60.94,None
2021091202,1319,41341.0,20,2021-09-12T18:02:57.400,90.0,CAR,left,60.34,29.26,1.83,0.21,0.2,132.2,60.9,None
2021091202,1319,41341.0,21,2021-09-12T18:02:57.500,90.0,CAR,left,60.54,29.34,1.94,0.13,0.22,136.53,63.81,None
2021091202,1319,41341.0,22,2021-09-12T18:02:57.600,90.0,CAR,left,60.78,29.41,2.08,0.35,0.24,142.1,68.3,None
2021091202,1319,41341.0,23,2021-09-12T18:02:57.700,90.0,CAR,left,61.02,29.47,2.2,0.52,0.25,146.35,71.42,None
2021091202,1319,41341.0,24,2021-09-12T18:02:57.800,90.0,CAR,left,61.4,29.46,2.61,0.96,0.38,134.15,81.03,None
2021091202,1319,41341.0,25,2021-09-12T18:02:57.900,90.0,CAR,left,61.67,29.49,2.67,0.81,0.28,123.01,83.0,None
2021091202,1319,41341.0,26,2021-09-12T18:02:58.000,90.0,CAR,left,61.94,29.52,2.65,0.83,0.27,117.77,84.96,None
2021091202,1319,41341.0,27,2021-09-12T18:02:58.100,90.0,CAR,left,62.22,29.52,2.66,1.04,0.28,107.68,88.78,None
2021091202,1319,41341.0,28,2021-09-12T18:02:58.200,90.0,CAR,left,62.48,29.49,2.62,1.47,0.26,94.02,94.16,None
2021091202,1319,41341.0,29,2021-09-12T18:02:58.300,90.0,CAR,left,62.75,29.45,2.65,1.62,0.27,77.9,99.63,None
2021091202,1319,41341.0,30,2021-09-12T18:02:58.400,90.0,CAR,left,63.01,29.4,2.61,1.51,0.27,68.53,102.29,None
2021091202,1319,41341.0,31,2021-09-12T18:02:58.500,90.0,CAR,left,63.26,29.33,2.54,1.57,0.26,57.55,106.12,None
2021091202,1319,41341.0,32,2021-09-12T18:02:58.600,90.0,CAR,left,63.51,29.23,2.51,1.66,0.26,34.93,112.02,autoevent_passforward
2021091202,1319,41341.0,33,2021-09-12T18:02:58.700,90.0,CAR,left,63.73,29.11,2.46,1.74,0.26,22.94,117.62,pass_forward
2021091202,1319,41341.0,34,2021-09-12T18:02:58.800,90.0,CAR,left,63.94,28.97,2.4,1.81,0.25,17.93,123.4,None
2021091202,1319,41341.0,35,2021-09-12T18:02:58.900,90.0,CAR,left,64.14,28.82,2.37,1.7,0.25,12.07,128.0,None
2021091202,1319,41341.0,36,2021-09-12T18:02:59.000,90.0,CAR,left,64.34,28.64,2.45,1.53,0.27,359.75,132.92,None
2021091202,1319,41341.0,37,2021-09-12T18:02:59.100,90.0,CAR,left,64.52,28.45,2.45,1.41,0.26,353.2,136.84,None
2021091202,1319,42368.0,1,2021-09-12T18:02:55.500,7.0,CAR,left,54.32,32.18,0.04,0.04,0.01,87.28,171.93,None
2021091202,1319,42368.0,2,2021-09-12T18:02:55.600,7.0,CAR,left,54.32,32.19,0.03,0.03,0.01,87.28,174.86,None
2021091202,1319,42368.0,3,2021-09-12T18:02:55.700,7.0,CAR,left,54.32,32.2,0.02,0.02,0.01,87.28,175.31,None
2021091202,1319,42368.0,4,2021-09-12T18:02:55.800,7.0,CAR,left,54.32,32.21,0.01,0.01,0.01,87.28,171.98,None
2021091202,1319,42368.0,5,2021-09-12T18:02:55.900,7.0,CAR,left,54.31,32.23,0.01,0.27,0.02,87.28,344.76,None
2021091202,1319,42368.0,6,2021-09-12T18:02:56.000,7.0,CAR,left,54.31,32.24,0.07,0.62,0.01,87.28,344.12,autoevent_ballsnap
2021091202,1319,42368.0,7,2021-09-12T18:02:56.100,7.0,CAR,left,54.3,32.25,0.18,0.95,0.02,86.03,345.23,ball_snap
2021091202,1319,42368.0,8,2021-09-12T18:02:56.200,7.0,CAR,left,54.29,32.28,0.32,1.12,0.03,84.4,339.6,None
2021091202,1319,42368.0,9,2021-09-12T18:02:56.300,7.0,CAR,left,54.27,32.33,0.56,1.47,0.06,82.94,335.25,None
2021091202,1319,42368.0,10,2021-09-12T18:02:56.400,7.0,CAR,left,54.23,32.39,0.75,1.54,0.07,80.23,330.98,None
2021091202,1319,42368.0,11,2021-09-12T18:02:56.500,7.0,CAR,left,54.18,32.46,0.91,1.47,0.08,80.97,327.03,None
2021091202,1319,42368.0,12,2021-09-12T18:02:56.600,7.0,CAR,left,54.12,32.55,1.1,1.44,0.11,80.97,323.23,None
2021091202,1319,42368.0,13,2021-09-12T18:02:56.700,7.0,CAR,left,54.04,32.64,1.26,1.41,0.12,82.96,318.2,None
2021091202,1319,42368.0,14,2021-09-12T18:02:56.800,7.0,CAR,left,53.95,32.73,1.37,1.19,0.13,82.96,315.03,None
2021091202,1319,42368.0,15,2021-09-12T18:02:56.900,7.0,CAR,left,53.84,32.84,1.51,1.02,0.15,81.91,314.99,None
2021091202,1319,42368.0,16,2021-09-12T18:02:57.000,7.0,CAR,left,53.73,32.95,1.6,0.75,0.16,81.91,314.62,None
2021091202,1319,42368.0,17,2021-09-12T18:02:57.100,7.0,CAR,left,53.63,33.09,1.7,0.6,0.17,79.21,319.91,None
2021091202,1319,42368.0,18,2021-09-12T18:02:57.200,7.0,CAR,left,53.52,33.23,1.78,0.57,0.18,79.21,322.19,None
2021091202,1319,42368.0,19,2021-09-12T18:02:57.300,7.0,CAR,left,53.42,33.39,1.94,0.94,0.2,81.68,327.62,None
2021091202,1319,42368.0,20,2021-09-12T18:02:57.400,7.0,CAR,left,53.33,33.59,2.15,1.34,0.22,84.65,333.86,None
2021091202,1319,42368.0,21,2021-09-12T18:02:57.500,7.0,CAR,left,53.23,33.79,2.29,1.36,0.23,90.0,337.42,None
2021091202,1319,42368.0,22,2021-09-12T18:02:57.600,7.0,CAR,left,53.15,34.01,2.38,1.26,0.23,95.5,340.45,None
2021091202,1319,42368.0,23,2021-09-12T18:02:57.700,7.0,CAR,left,53.08,34.24,2.43,1.1,0.24,98.17,343.53,None
2021091202,1319,42368.0,24,2021-09-12T18:02:57.800,7.0,CAR,left,53.02,34.46,2.37,0.83,0.23,96.88,345.43,None
2021091202,1319,42368.0,25,2021-09-12T18:02:57.900,7.0,CAR,left,52.96,34.68,2.3,0.72,0.23,96.88,346.56,None
2021091202,1319,42368.0,26,2021-09-12T18:02:58.000,7.0,CAR,left,52.91,34.89,2.12,1.02,0.21,98.66,346.37,None
2021091202,1319,42368.0,27,2021-09-12T18:02:58.100,7.0,CAR,left,52.85,35.07,1.84,1.7,0.19,104.92,343.06,None
2021091202,1319,42368.0,28,2021-09-12T18:02:58.200,7.0,CAR,left,52.79,35.22,1.51,2.53,0.16,109.18,336.11,None
2021091202,1319,42368.0,29,2021-09-12T18:02:58.300,7.0,CAR,left,52.71,35.32,1.19,3.56,0.13,111.15,319.18,None
2021091202,1319,42368.0,30,2021-09-12T18:02:58.400,7.0,CAR,left,52.62,35.39,1.05,4.11,0.11,115.43,293.43,None
2021091202,1319,42368.0,31,2021-09-12T18:02:58.500,7.0,CAR,left,52.52,35.4,1.17,4.27,0.11,120.26,266.17,None
2021091202,1319,42368.0,32,2021-09-12T18:02:58.600,7.0,CAR,left,52.37,35.36,1.64,4.54,0.15,126.64,248.31,autoevent_passforward
2021091202,1319,42368.0,33,2021-09-12T18:02:58.700,7.0,CAR,left,52.19,35.27,2.21,4.6,0.2,127.84,240.4,pass_forward
2021091202,1319,42368.0,34,2021-09-12T18:02:58.800,7.0,CAR,left,51.97,35.13,2.74,4.24,0.26,129.01,236.4,None
2021091202,1319,42368.0,35,2021-09-12T18:02:58.900,7.0,CAR,left,51.72,34.96,3.21,3.62,0.31,133.04,235.03,None
2021091202,1319,42368.0,36,2021-09-12T18:02:59.000,7.0,CAR,left,51.44,34.77,3.51,2.85,0.34,134.35,233.81,None
2021091202,1319,42368.0,37,2021-09-12T18:02:59.100,7.0,CAR,left,51.15,34.55,3.75,2.14,0.36,137.58,233.04,None
2021091202,1319,42428.0,1,2021-09-12T18:02:55.500,81.0,NYJ,left,60.64,36.1,0.0,0.0,0.06,257.44,327.79,None
2021091202,1319,42428.0,2,2021-09-12T18:02:55.600,81.0,NYJ,left,60.64,36.1,0.0,0.0,0.0,257.44,329.97,None
2021091202,1319,42428.0,3,2021-09-12T18:02:55.700,81.0,NYJ,left,60.64,36.1,0.0,0.0,0.0,257.44,331.86,None
2021091202,1319,42428.0,4,2021-09-12T18:02:55.800,81.0,NYJ,left,60.61,36.18,0.0,0.0,0.08,234.22,334.82,None
2021091202,1319,42428.0,5,2021-09-12T18:02:55.900,81.0,NYJ,left,60.58,36.22,0.0,0.0,0.05,267.4,333.44,None
2021091202,1319,42428.0,6,2021-09-12T18:02:56.000,81.0,NYJ,left,60.54,36.28,0.08,1.52,0.08,276.01,319.98,autoevent_ballsnap
2021091202,1319,42428.0,7,2021-09-12T18:02:56.100,81.0,NYJ,left,60.55,36.28,0.41,3.34,0.01,282.7,322.28,ball_snap
2021091202,1319,42428.0,8,2021-09-12T18:02:56.200,81.0,NYJ,left,60.51,36.32,0.8,3.5,0.06,282.7,321.04,None
2021091202,1319,42428.0,9,2021-09-12T18:02:56.300,81.0,NYJ,left,60.44,36.4,1.52,5.41,0.1,284.91,316.09,None
2021091202,1319,42428.0,10,2021-09-12T18:02:56.400,81.0,NYJ,left,60.32,36.54,2.21,5.56,0.19,289.69,316.73,None
2021091202,1319,42428.0,11,2021-09-12T18:02:56.500,81.0,NYJ,left,60.14,36.73,2.87,5.11,0.26,298.94,317.38,None
2021091202,1319,42428.0,12,2021-09-12T18:02:56.600,81.0,NYJ,left,59.93,36.97,3.41,4.33,0.32,306.11,317.31,None
2021091202,1319,42428.0,13,2021-09-12T18:02:56.700,81.0,NYJ,left,59.67,37.23,3.88,3.69,0.37,300.89,316.13,None
2021091202,1319,42428.0,14,2021-09-12T18:02:56.800,81.0,NYJ,left,59.39,37.52,4.24,3.3,0.4,305.62,315.66,None
2021091202,1319,42428.0,15,2021-09-12T18:02:56.900,81.0,NYJ,left,59.07,37.85,4.64,2.82,0.45,310.76,316.01,None
2021091202,1319,42428.0,16,2021-09-12T18:02:57.000,81.0,NYJ,left,58.76,38.21,4.99,2.53,0.48,319.97,320.11,None
2021091202,1319,42428.0,17,2021-09-12T18:02:57.100,81.0,NYJ,left,58.44,38.62,5.34,2.43,0.52,322.66,322.24,None
2021091202,1319,42428.0,18,2021-09-12T18:02:57.200,81.0,NYJ,left,58.11,39.06,5.56,2.24,0.55,326.54,324.56,None
2021091202,1319,42428.0,19,2021-09-12T18:02:57.300,81.0,NYJ,left,57.8,39.52,5.71,2.04,0.56,330.94,327.25,None
2021091202,1319,42428.0,20,2021-09-12T18:02:57.400,81.0,NYJ,left,57.51,40.03,5.92,2.63,0.59,338.24,331.64,None
2021091202,1319,42428.0,21,2021-09-12T18:02:57.500,81.0,NYJ,left,57.25,40.56,5.98,2.76,0.59,342.76,335.08,None
2021091202,1319,42428.0,22,2021-09-12T18:02:57.600,81.0,NYJ,left,57.01,41.11,6.01,2.77,0.6,346.9,338.32,None
2021091202,1319,42428.0,23,2021-09-12T18:02:57.700,81.0,NYJ,left,56.81,41.68,6.01,2.8,0.6,350.37,341.87,None
2021091202,1319,42428.0,24,2021-09-12T18:02:57.800,81.0,NYJ,left,56.64,42.25,5.96,2.63,0.6,357.36,344.51,None
2021091202,1319,42428.0,25,2021-09-12T18:02:57.900,81.0,NYJ,left,56.5,42.82,5.82,2.49,0.59,3.66,346.73,None
2021091202,1319,42428.0,26,2021-09-12T18:02:58.000,81.0,NYJ,left,56.38,43.38,5.67,2.46,0.57,5.26,349.1,None
2021091202,1319,42428.0,27,2021-09-12T18:02:58.100,81.0,NYJ,left,56.27,43.9,5.17,2.99,0.53,11.7,349.53,None
2021091202,1319,42428.0,28,2021-09-12T18:02:58.200,81.0,NYJ,left,56.18,44.36,4.62,3.77,0.47,27.87,349.9,None
2021091202,1319,42428.0,29,2021-09-12T18:02:58.300,81.0,NYJ,left,56.11,44.77,4.04,4.42,0.41,40.73,350.1,None
2021091202,1319,42428.0,30,2021-09-12T18:02:58.400,81.0,NYJ,left,56.04,45.12,3.45,4.66,0.36,41.72,350.04,None
2021091202,1319,42428.0,31,2021-09-12T18:02:58.500,81.0,NYJ,left,55.97,45.37,2.63,5.36,0.26,55.26,346.37,None
2021091202,1319,42428.0,32,2021-09-12T18:02:58.600,81.0,NYJ,left,55.91,45.57,1.9,5.84,0.21,97.08,341.25,autoevent_passforward
2021091202,1319,42428.0,33,2021-09-12T18:02:58.700,81.0,NYJ,left,55.83,45.71,1.32,5.87,0.16,124.13,327.16,pass_forward
2021091202,1319,42428.0,34,2021-09-12T18:02:58.800,81.0,NYJ,left,55.73,45.78,1.0,5.74,0.12,142.31,292.59,None
2021091202,1319,42428.0,35,2021-09-12T18:02:58.900,81.0,NYJ,left,55.65,45.77,1.01,5.68,0.09,142.31,248.59,None
2021091202,1319,42428.0,36,2021-09-12T18:02:59.000,81.0,NYJ,left,55.55,45.7,1.43,5.41,0.12,149.44,226.24,None
2021091202,1319,42428.0,37,2021-09-12T18:02:59.100,81.0,NYJ,left,55.43,45.57,1.92,4.84,0.17,158.04,216.77,None
2021091202,1319,43407.0,1,2021-09-12T18:02:55.500,31.0,CAR,left,46.85,22.97,1.16,0.42,0.12,18.97,309.75,None
2021091202,1319,43407.0,2,2021-09-12T18:02:55.600,31.0,CAR,left,46.76,23.04,1.06,0.74,0.11,16.8,307.32,None
2021091202,1319,43407.0,3,2021-09-12T18:02:55.700,31.0,CAR,left,46.68,23.1,1.04,0.76,0.11,20.89,302.87,None
2021091202,1319,43407.0,4,2021-09-12T18:02:55.800,31.0,CAR,left,46.58,23.16,1.08,0.53,0.11,26.36,302.09,None
2021091202,1319,43407.0,5,2021-09-12T18:02:55.900,31.0,CAR,left,46.47,23.24,1.25,0.4,0.13,31.4,302.19,None
2021091202,1319,43407.0,6,2021-09-12T18:02:56.000,31.0,CAR,left,46.36,23.3,1.36,0.68,0.13,38.36,299.54,autoevent_ballsnap
2021091202,1319,43407.0,7,2021-09-12T18:02:56.100,31.0,CAR,left,46.23,23.37,1.46,0.78,0.14,46.44,297.74,ball_snap
2021091202,1319,43407.0,8,2021-09-12T18:02:56.200,31.0,CAR,left,46.09,23.44,1.61,0.91,0.16,55.56,295.47,None
2021091202,1319,43407.0,9,2021-09-12T18:02:56.300,31.0,CAR,left,45.92,23.53,1.9,1.38,0.19,61.21,296.37,None
2021091202,1319,43407.0,10,2021-09-12T18:02:56.400,31.0,CAR,left,45.73,23.61,2.11,1.52,0.2,67.44,294.99,None
2021091202,1319,43407.0,11,2021-09-12T18:02:56.500,31.0,CAR,left,45.53,23.7,2.31,1.56,0.22,71.91,293.07,None
2021091202,1319,43407.0,12,2021-09-12T18:02:56.600,31.0,CAR,left,45.3,23.8,2.51,1.48,0.24,75.1,292.47,None
2021091202,1319,43407.0,13,2021-09-12T18:02:56.700,31.0,CAR,left,45.06,23.9,2.71,1.41,0.26,73.47,292.24,None
2021091202,1319,43407.0,14,2021-09-12T18:02:56.800,31.0,CAR,left,44.8,24.0,2.87,1.26,0.28,79.01,291.22,None
2021091202,1319,43407.0,15,2021-09-12T18:02:56.900,31.0,CAR,left,44.52,24.1,3.0,1.1,0.29,81.83,289.6,None
2021091202,1319,43407.0,16,2021-09-12T18:02:57.000,31.0,CAR,left,44.23,24.2,3.14,0.98,0.31,83.32,287.95,None
2021091202,1319,43407.0,17,2021-09-12T18:02:57.100,31.0,CAR,left,43.92,24.29,3.28,0.97,0.32,83.32,286.11,None
2021091202,1319,43407.0,18,2021-09-12T18:02:57.200,31.0,CAR,left,43.6,24.38,3.37,0.74,0.33,87.01,285.58,None
2021091202,1319,43407.0,19,2021-09-12T18:02:57.300,31.0,CAR,left,43.27,24.46,3.44,0.65,0.34,87.01,284.33,None
2021091202,1319,43407.0,20,2021-09-12T18:02:57.400,31.0,CAR,left,42.93,24.55,3.52,0.52,0.35,85.57,283.45,None
2021091202,1319,43407.0,21,2021-09-12T18:02:57.500,31.0,CAR,left,42.58,24.63,3.58,0.24,0.36,83.22,283.6,None
2021091202,1319,43407.0,22,2021-09-12T18:02:57.600,31.0,CAR,left,42.24,24.72,3.6,0.12,0.36,82.5,284.47,None
2021091202,1319,43407.0,23,2021-09-12T18:02:57.700,31.0,CAR,left,41.88,24.81,3.64,0.41,0.36,80.85,285.86,None
2021091202,1319,43407.0,24,2021-09-12T18:02:57.800,31.0,CAR,left,41.53,24.92,3.65,0.66,0.37,78.32,287.69,None
2021091202,1319,43407.0,25,2021-09-12T18:02:57.900,31.0,CAR,left,41.18,25.04,3.68,0.72,0.37,73.66,288.81,None
2021091202,1319,43407.0,26,2021-09-12T18:02:58.000,31.0,CAR,left,40.84,25.17,3.69,0.91,0.37,71.88,290.97,None
2021091202,1319,43407.0,27,2021-09-12T18:02:58.100,31.0,CAR,left,40.49,25.32,3.71,1.18,0.37,65.22,294.21,None
2021091202,1319,43407.0,28,2021-09-12T18:02:58.200,31.0,CAR,left,40.16,25.49,3.7,1.31,0.37,60.84,297.08,None
2021091202,1319,43407.0,29,2021-09-12T18:02:58.300,31.0,CAR,left,39.83,25.67,3.74,1.45,0.38,58.47,300.43,None
2021091202,1319,43407.0,30,2021-09-12T18:02:58.400,31.0,CAR,left,39.52,25.87,3.72,1.48,0.37,54.28,303.21,None
2021091202,1319,43407.0,31,2021-09-12T18:02:58.500,31.0,CAR,left,39.2,26.09,3.8,1.28,0.38,44.33,305.13,None
2021091202,1319,43407.0,32,2021-09-12T18:02:58.600,31.0,CAR,left,38.89,26.32,3.79,1.25,0.38,34.06,307.59,autoevent_passforward
2021091202,1319,43407.0,33,2021-09-12T18:02:58.700,31.0,CAR,left,38.61,26.56,3.73,1.41,0.37,33.45,310.87,pass_forward
2021091202,1319,43407.0,34,2021-09-12T18:02:58.800,31.0,CAR,left,38.35,26.82,3.6,1.84,0.36,33.45,315.6,None
2021091202,1319,43407.0,35,2021-09-12T18:02:58.900,31.0,CAR,left,38.15,27.07,3.28,2.5,0.32,25.68,321.21,None
2021091202,1319,43407.0,36,2021-09-12T18:02:59.000,31.0,CAR,left,37.98,27.32,3.02,3.0,0.31,24.44,327.73,None
2021091202,1319,43407.0,37,2021-09-12T18:02:59.100,31.0,CAR,left,37.88,27.57,2.64,3.92,0.26,29.17,338.39,None
2021091202,1319,43433.0,1,2021-09-12T18:02:55.500,60.0,NYJ,left,59.61,29.85,0.0,0.0,0.0,186.23,235.6,None
2021091202,1319,43433.0,2,2021-09-12T18:02:55.600,60.0,NYJ,left,59.61,29.85,0.0,0.0,0.0,13.29,247.5,None
2021091202,1319,43433.0,3,2021-09-12T18:02:55.700,60.0,NYJ,left,59.61,29.85,0.01,0.13,0.0,3.97,87.0,None
2021091202,1319,43433.0,4,2021-09-12T18:02:55.800,60.0,NYJ,left,59.62,29.85,0.1,0.72,0.01,312.05,103.92,None
2021091202,1319,43433.0,5,2021-09-12T18:02:55.900,60.0,NYJ,left,59.64,29.85,0.19,0.77,0.02,312.83,106.75,None
2021091202,1319,43433.0,6,2021-09-12T18:02:56.000,60.0,NYJ,left,59.67,29.81,0.44,1.17,0.05,327.54,127.56,autoevent_ballsnap
2021091202,1319,43433.0,7,2021-09-12T18:02:56.100,60.0,NYJ,left,59.72,29.75,0.69,1.36,0.07,323.66,136.82,ball_snap
2021091202,1319,43433.0,8,2021-09-12T18:02:56.200,60.0,NYJ,left,59.78,29.68,0.93,1.49,0.09,302.02,138.43,None
2021091202,1319,43433.0,9,2021-09-12T18:02:56.300,60.0,NYJ,left,59.86,29.61,1.08,1.15,0.1,303.07,135.41,None
2021091202,1319,43433.0,10,2021-09-12T18:02:56.400,60.0,NYJ,left,59.96,29.53,1.28,0.86,0.13,314.81,131.26,None
2021091202,1319,43433.0,11,2021-09-12T18:02:56.500,60.0,NYJ,left,60.08,29.46,1.36,0.6,0.13,321.29,126.06,None
2021091202,1319,43433.0,12,2021-09-12T18:02:56.600,60.0,NYJ,left,60.2,29.38,1.41,0.53,0.14,313.19,122.95,None
2021091202,1319,43433.0,13,2021-09-12T18:02:56.700,60.0,NYJ,left,60.32,29.32,1.43,0.59,0.14,300.64,118.84,None
2021091202,1319,43433.0,14,2021-09-12T18:02:56.800,60.0,NYJ,left,60.46,29.26,1.44,0.73,0.15,292.4,113.41,None
2021091202,1319,43433.0,15,2021-09-12T18:02:56.900,60.0,NYJ,left,60.63,29.21,1.56,0.83,0.17,298.67,107.11,None
2021091202,1319,43433.0,16,2021-09-12T18:02:57.000,60.0,NYJ,left,60.79,29.19,1.56,1.01,0.16,294.94,100.38,None
2021091202,1319,43433.0,17,2021-09-12T18:02:57.100,60.0,NYJ,left,60.96,29.2,1.58,1.23,0.17,290.97,90.95,None
2021091202,1319,43433.0,18,2021-09-12T18:02:57.200,60.0,NYJ,left,61.14,29.24,1.72,1.41,0.19,287.1,81.51,None
2021091202,1319,43433.0,19,2021-09-12T18:02:57.300,60.0,NYJ,left,61.32,29.28,1.78,1.29,0.18,282.26,75.38,None
2021091202,1319,43433.0,20,2021-09-12T18:02:57.400,60.0,NYJ,left,61.51,29.36,1.92,1.2,0.21,279.42,69.42,None
2021091202,1319,43433.0,21,2021-09-12T18:02:57.500,60.0,NYJ,left,61.74,29.42,2.09,0.72,0.23,255.19,69.94,None
2021091202,1319,43433.0,22,2021-09-12T18:02:57.600,60.0,NYJ,left,61.94,29.48,2.12,0.39,0.22,245.11,70.73,None
2021091202,1319,43433.0,23,2021-09-12T18:02:57.700,60.0,NYJ,left,62.15,29.55,2.13,0.36,0.22,241.0,70.93,None
2021091202,1319,43433.0,24,2021-09-12T18:02:57.800,60.0,NYJ,left,62.36,29.62,2.11,0.62,0.22,235.71,70.94,None
2021091202,1319,43433.0,25,2021-09-12T18:02:57.900,60.0,NYJ,left,62.56,29.68,2.05,0.86,0.21,229.69,71.85,None
2021091202,1319,43433.0,26,2021-09-12T18:02:58.000,60.0,NYJ,left,62.75,29.75,1.99,1.01,0.21,222.16,71.79,None
2021091202,1319,43433.0,27,2021-09-12T18:02:58.100,60.0,NYJ,left,62.97,29.8,1.96,1.01,0.22,213.17,75.0,None
2021091202,1319,43433.0,28,2021-09-12T18:02:58.200,60.0,NYJ,left,63.17,29.85,1.92,0.97,0.21,209.88,76.38,None
2021091202,1319,43433.0,29,2021-09-12T18:02:58.300,60.0,NYJ,left,63.33,29.84,1.71,1.5,0.16,203.81,83.87,None
2021091202,1319,43433.0,30,2021-09-12T18:02:58.400,60.0,NYJ,left,63.51,29.82,1.66,1.65,0.18,201.56,92.16,None
2021091202,1319,43433.0,31,2021-09-12T18:02:58.500,60.0,NYJ,left,63.65,29.75,1.5,2.01,0.15,193.4,105.19,None
2021091202,1319,43433.0,32,2021-09-12T18:02:58.600,60.0,NYJ,left,63.69,29.68,1.13,2.68,0.08,192.39,125.4,autoevent_passforward
2021091202,1319,43433.0,33,2021-09-12T18:02:58.700,60.0,NYJ,left,63.8,29.6,1.2,2.11,0.14,188.3,132.98,pass_forward
2021091202,1319,43433.0,34,2021-09-12T18:02:58.800,60.0,NYJ,left,63.91,29.51,1.28,1.6,0.14,183.25,138.67,None
2021091202,1319,43433.0,35,2021-09-12T18:02:58.900,60.0,NYJ,left,64.02,29.4,1.43,0.95,0.16,179.08,140.68,None
2021091202,1319,43433.0,36,2021-09-12T18:02:59.000,60.0,NYJ,left,64.14,29.28,1.54,0.36,0.16,177.51,139.5,None
2021091202,1319,43433.0,37,2021-09-12T18:02:59.100,60.0,NYJ,left,64.24,29.16,1.55,0.03,0.15,175.06,139.94,None
2021091202,1319,43586.0,1,2021-09-12T18:02:55.500,76.0,NYJ,left,60.47,32.87,0.0,0.0,0.0,354.37,2.69,None
2021091202,1319,43586.0,2,2021-09-12T18:02:55.600,76.0,NYJ,left,60.47,32.87,0.0,0.0,0.01,351.88,15.82,None
2021091202,1319,43586.0,3,2021-09-12T18:02:55.700,76.0,NYJ,left,60.48,32.88,0.0,0.0,0.01,350.84,27.05,None
2021091202,1319,43586.0,4,2021-09-12T18:02:55.800,76.0,NYJ,left,60.49,32.89,0.05,0.86,0.01,349.34,44.56,None
2021091202,1319,43586.0,5,2021-09-12T18:02:55.900,76.0,NYJ,left,60.5,32.91,0.25,1.98,0.02,347.96,39.11,None
2021091202,1319,43586.0,6,2021-09-12T18:02:56.000,76.0,NYJ,left,60.53,32.95,0.62,3.06,0.05,344.13,37.31,autoevent_ballsnap
2021091202,1319,43586.0,7,2021-09-12T18:02:56.100,76.0,NYJ,left,60.59,33.02,1.07,3.79,0.09,341.89,37.84,ball_snap
2021091202,1319,43586.0,8,2021-09-12T18:02:56.200,76.0,NYJ,left,60.66,33.14,1.5,3.2,0.14,339.02,34.71,None
2021091202,1319,43586.0,9,2021-09-12T18:02:56.300,76.0,NYJ,left,60.76,33.32,1.99,2.8,0.21,339.02,30.23,None
2021091202,1319,43586.0,10,2021-09-12T18:02:56.400,76.0,NYJ,left,60.87,33.53,2.35,2.18,0.24,336.1,28.68,None
2021091202,1319,43586.0,11,2021-09-12T18:02:56.500,76.0,NYJ,left,60.99,33.79,2.69,1.62,0.29,329.59,26.82,None
2021091202,1319,43586.0,12,2021-09-12T18:02:56.600,76.0,NYJ,left,61.14,34.05,2.89,0.91,0.3,323.81,27.16,None
2021091202,1319,43586.0,13,2021-09-12T18:02:56.700,76.0,NYJ,left,61.29,34.32,3.02,0.25,0.31,317.34,27.26,None
2021091202,1319,43586.0,14,2021-09-12T18:02:56.800,76.0,NYJ,left,61.43,34.58,2.97,0.48,0.29,308.63,27.39,None
2021091202,1319,43586.0,15,2021-09-12T18:02:56.900,76.0,NYJ,left,61.57,34.82,2.82,1.17,0.27,301.02,28.53,None
2021091202,1319,43586.0,16,2021-09-12T18:02:57.000,76.0,NYJ,left,61.69,35.04,2.6,1.71,0.25,293.45,29.02,None
2021091202,1319,43586.0,17,2021-09-12T18:02:57.100,76.0,NYJ,left,61.8,35.21,2.25,2.2,0.21,287.4,30.53,None
2021091202,1319,43586.0,18,2021-09-12T18:02:57.200,76.0,NYJ,left,61.9,35.36,1.88,2.52,0.17,283.77,32.39,None
2021091202,1319,43586.0,19,2021-09-12T18:02:57.300,76.0,NYJ,left,61.98,35.46,1.46,2.89,0.13,278.35,35.49,None
2021091202,1319,43586.0,20,2021-09-12T18:02:57.400,76.0,NYJ,left,62.05,35.52,1.0,3.42,0.1,272.21,43.08,None
2021091202,1319,43586.0,21,2021-09-12T18:02:57.500,76.0,NYJ,left,62.11,35.56,0.62,3.47,0.07,265.88,59.57,None
2021091202,1319,43586.0,22,2021-09-12T18:02:57.600,76.0,NYJ,left,62.15,35.55,0.43,3.3,0.05,258.69,108.89,None
2021091202,1319,43586.0,23,2021-09-12T18:02:57.700,76.0,NYJ,left,62.18,35.5,0.6,2.91,0.06,254.06,153.88,None
2021091202,1319,43586.0,24,2021-09-12T18:02:57.800,76.0,NYJ,left,62.19,35.36,1.12,2.8,0.13,246.99,173.59,None
2021091202,1319,43586.0,25,2021-09-12T18:02:57.900,76.0,NYJ,left,62.19,35.21,1.48,2.45,0.15,239.94,180.64,None
2021091202,1319,43586.0,26,2021-09-12T18:02:58.000,76.0,NYJ,left,62.17,35.04,1.79,2.12,0.18,234.15,184.85,None
2021091202,1319,43586.0,27,2021-09-12T18:02:58.100,76.0,NYJ,left,62.15,34.82,2.09,1.78,0.21,232.25,186.97,None
2021091202,1319,43586.0,28,2021-09-12T18:02:58.200,76.0,NYJ,left,62.14,34.6,2.27,1.19,0.22,237.15,185.5,None
2021091202,1319,43586.0,29,2021-09-12T18:02:58.300,76.0,NYJ,left,62.11,34.37,2.37,0.61,0.23,242.43,186.65,None
2021091202,1319,43586.0,30,2021-09-12T18:02:58.400,76.0,NYJ,left,62.08,34.12,2.54,0.33,0.26,247.82,185.33,None
2021091202,1319,43586.0,31,2021-09-12T18:02:58.500,76.0,NYJ,left,62.06,33.84,2.71,0.19,0.28,253.59,185.14,None
2021091202,1319,43586.0,32,2021-09-12T18:02:58.600,76.0,NYJ,left,62.04,33.56,2.81,0.32,0.28,255.55,183.6,autoevent_passforward
2021091202,1319,43586.0,33,2021-09-12T18:02:58.700,76.0,NYJ,left,62.03,33.26,2.91,0.37,0.3,257.31,182.61,pass_forward
2021091202,1319,43586.0,34,2021-09-12T18:02:58.800,76.0,NYJ,left,62.02,32.96,2.97,0.56,0.3,263.26,180.81,None
2021091202,1319,43586.0,35,2021-09-12T18:02:58.900,76.0,NYJ,left,62.02,32.65,3.01,0.7,0.31,271.23,180.48,None
2021091202,1319,43586.0,36,2021-09-12T18:02:59.000,76.0,NYJ,left,62.0,32.34,3.0,0.89,0.31,272.4,182.13,None
2021091202,1319,43586.0,37,2021-09-12T18:02:59.100,76.0,NYJ,left,61.94,32.03,2.99,1.14,0.32,257.9,186.14,None
2021091202,1319,44817.0,1,2021-09-12T18:02:55.500,84.0,NYJ,left,59.89,10.23,0.01,0.02,0.02,72.18,336.31,None
2021091202,1319,44817.0,2,2021-09-12T18:02:55.600,84.0,NYJ,left,59.89,10.23,0.01,0.01,0.01,91.53,334.4,None
2021091202,1319,44817.0,3,2021-09-12T18:02:55.700,84.0,NYJ,left,59.88,10.21,0.01,0.01,0.02,103.19,329.66,None
2021091202,1319,44817.0,4,2021-09-12T18:02:55.800,84.0,NYJ,left,59.88,10.2,0.01,0.01,0.01,115.21,327.14,None
2021091202,1319,44817.0,5,2021-09-12T18:02:55.900,84.0,NYJ,left,59.87,10.2,0.01,0.01,0.01,117.33,324.3,None
2021091202,1319,44817.0,6,2021-09-12T18:02:56.000,84.0,NYJ,left,59.86,10.2,0.02,0.41,0.01,214.92,274.41,autoevent_ballsnap
2021091202,1319,44817.0,7,2021-09-12T18:02:56.100,84.0,NYJ,left,59.83,10.19,0.2,1.74,0.03,190.42,257.21,ball_snap
2021091202,1319,44817.0,8,2021-09-12T18:02:56.200,84.0,NYJ,left,59.79,10.18,0.46,2.68,0.04,203.19,255.0,None
2021091202,1319,44817.0,9,2021-09-12T18:02:56.300,84.0,NYJ,left,59.72,10.17,0.87,3.45,0.07,231.53,259.49,None
2021091202,1319,44817.0,10,2021-09-12T18:02:56.400,84.0,NYJ,left,59.58,10.17,1.43,3.89,0.14,210.81,265.14,None
2021091202,1319,44817.0,11,2021-09-12T18:02:56.500,84.0,NYJ,left,59.34,10.17,2.25,4.91,0.24,200.68,268.75,None
2021091202,1319,44817.0,12,2021-09-12T18:02:56.600,84.0,NYJ,left,59.02,10.15,3.07,5.46,0.32,232.18,268.61,None
2021091202,1319,44817.0,13,2021-09-12T18:02:56.700,84.0,NYJ,left,58.66,10.13,3.74,5.01,0.36,263.39,267.98,None
2021091202,1319,44817.0,14,2021-09-12T18:02:56.800,84.0,NYJ,left,58.23,10.11,4.38,4.57,0.43,258.62,267.73,None
2021091202,1319,44817.0,15,2021-09-12T18:02:56.900,84.0,NYJ,left,57.75,10.09,4.93,4.34,0.48,249.18,267.67,None
2021091202,1319,44817.0,16,2021-09-12T18:02:57.000,84.0,NYJ,left,57.23,10.08,5.39,3.84,0.52,256.14,268.26,None
2021091202,1319,44817.0,17,2021-09-12T18:02:57.100,84.0,NYJ,left,56.67,10.07,5.77,3.13,0.56,256.14,268.22,None
2021091202,1319,44817.0,18,2021-09-12T18:02:57.200,84.0,NYJ,left,56.07,10.05,6.09,2.34,0.6,240.64,268.2,None
2021091202,1319,44817.0,19,2021-09-12T18:02:57.300,84.0,NYJ,left,55.44,10.02,6.43,1.83,0.63,220.74,267.91,None
2021091202,1319,44817.0,20,2021-09-12T18:02:57.400,84.0,NYJ,left,54.77,10.01,6.77,1.55,0.67,228.88,268.63,None
2021091202,1319,44817.0,21,2021-09-12T18:02:57.500,84.0,NYJ,left,54.08,9.99,6.94,0.96,0.69,235.27,268.75,None
2021091202,1319,44817.0,22,2021-09-12T18:02:57.600,84.0,NYJ,left,53.37,9.98,7.06,0.47,0.7,234.06,268.88,None
2021091202,1319,44817.0,23,2021-09-12T18:02:57.700,84.0,NYJ,left,52.64,9.95,7.31,0.58,0.74,236.74,268.08,None
2021091202,1319,44817.0,24,2021-09-12T18:02:57.800,84.0,NYJ,left,51.89,9.91,7.45,0.43,0.75,243.71,267.48,None
2021091202,1319,44817.0,25,2021-09-12T18:02:57.900,84.0,NYJ,left,51.13,9.87,7.58,0.63,0.76,249.13,266.77,None
2021091202,1319,44817.0,26,2021-09-12T18:02:58.000,84.0,NYJ,left,50.37,9.81,7.63,0.86,0.77,254.31,265.5,None
2021091202,1319,44817.0,27,2021-09-12T18:02:58.100,84.0,NYJ,left,49.6,9.73,7.65,1.21,0.77,253.54,263.98,None
2021091202,1319,44817.0,28,2021-09-12T18:02:58.200,84.0,NYJ,left,48.85,9.63,7.62,1.86,0.76,257.09,261.76,None
2021091202,1319,44817.0,29,2021-09-12T18:02:58.300,84.0,NYJ,left,48.1,9.5,7.62,2.26,0.76,257.09,259.76,None
2021091202,1319,44817.0,30,2021-09-12T18:02:58.400,84.0,NYJ,left,47.35,9.35,7.6,2.43,0.76,259.72,257.42,None
2021091202,1319,44817.0,31,2021-09-12T18:02:58.500,84.0,NYJ,left,46.61,9.16,7.56,2.47,0.76,267.44,255.23,None
2021091202,1319,44817.0,32,2021-09-12T18:02:58.600,84.0,NYJ,left,45.88,8.95,7.54,2.53,0.76,286.24,252.84,autoevent_passforward
2021091202,1319,44817.0,33,2021-09-12T18:02:58.700,84.0,NYJ,left,45.16,8.71,7.46,2.47,0.75,288.93,250.93,pass_forward
2021091202,1319,44817.0,34,2021-09-12T18:02:58.800,84.0,NYJ,left,44.47,8.46,7.28,2.43,0.74,290.97,249.61,None
2021091202,1319,44817.0,35,2021-09-12T18:02:58.900,84.0,NYJ,left,43.79,8.21,7.12,2.28,0.72,292.02,249.12,None
2021091202,1319,44817.0,36,2021-09-12T18:02:59.000,84.0,NYJ,left,43.13,7.97,6.92,2.23,0.7,294.47,249.17,None
2021091202,1319,44817.0,37,2021-09-12T18:02:59.100,84.0,NYJ,left,42.5,7.72,6.66,2.51,0.68,295.41,248.7,None
2021091202,1319,44825.0,1,2021-09-12T18:02:55.500,43.0,CAR,left,58.37,24.25,0.01,0.01,0.02,26.01,310.23,None
2021091202,1319,44825.0,2,2021-09-12T18:02:55.600,43.0,CAR,left,58.39,24.26,0.01,0.01,0.02,26.01,27.08,None
2021091202,1319,44825.0,3,2021-09-12T18:02:55.700,43.0,CAR,left,58.42,24.27,0.03,0.02,0.03,26.01,58.75,None
2021091202,1319,44825.0,4,2021-09-12T18:02:55.800,43.0,CAR,left,58.46,24.27,0.08,0.62,0.04,20.99,73.21,None
2021091202,1319,44825.0,5,2021-09-12T18:02:55.900,43.0,CAR,left,58.51,24.28,0.31,2.02,0.05,18.5,81.49,None
2021091202,1319,44825.0,6,2021-09-12T18:02:56.000,43.0,CAR,left,58.58,24.29,0.75,3.56,0.07,16.35,82.31,autoevent_ballsnap
2021091202,1319,44825.0,7,2021-09-12T18:02:56.100,43.0,CAR,left,58.68,24.3,1.22,4.31,0.1,16.35,83.56,ball_snap
2021091202,1319,44825.0,8,2021-09-12T18:02:56.200,43.0,CAR,left,58.84,24.32,1.79,4.55,0.16,16.35,83.46,None
2021091202,1319,44825.0,9,2021-09-12T18:02:56.300,43.0,CAR,left,59.05,24.36,2.37,4.47,0.22,19.86,80.76,None
2021091202,1319,44825.0,10,2021-09-12T18:02:56.400,43.0,CAR,left,59.32,24.39,2.88,4.15,0.27,19.86,81.94,None
2021091202,1319,44825.0,11,2021-09-12T18:02:56.500,43.0,CAR,left,59.64,24.42,3.35,3.77,0.32,21.86,83.75,None
2021091202,1319,44825.0,12,2021-09-12T18:02:56.600,43.0,CAR,left,60.0,24.45,3.77,3.27,0.37,21.86,85.34,None
2021091202,1319,44825.0,13,2021-09-12T18:02:56.700,43.0,CAR,left,60.4,24.46,4.11,2.75,0.4,17.09,87.19,None
2021091202,1319,44825.0,14,2021-09-12T18:02:56.800,43.0,CAR,left,60.83,24.48,4.35,2.14,0.42,12.55,88.15,None
2021091202,1319,44825.0,15,2021-09-12T18:02:56.900,43.0,CAR,left,61.27,24.49,4.54,1.74,0.45,6.59,90.05,None
2021091202,1319,44825.0,16,2021-09-12T18:02:57.000,43.0,CAR,left,61.74,24.48,4.74,1.33,0.47,2.64,90.91,None
2021091202,1319,44825.0,17,2021-09-12T18:02:57.100,43.0,CAR,left,62.22,24.48,4.76,0.58,0.47,358.85,90.7,None
2021091202,1319,44825.0,18,2021-09-12T18:02:57.200,43.0,CAR,left,62.69,24.48,4.76,0.38,0.47,356.27,91.2,None
2021091202,1319,44825.0,19,2021-09-12T18:02:57.300,43.0,CAR,left,63.16,24.44,4.73,0.87,0.48,357.36,93.38,None
2021091202,1319,44825.0,20,2021-09-12T18:02:57.400,43.0,CAR,left,63.63,24.39,4.65,1.27,0.47,4.3,95.47,None
2021091202,1319,44825.0,21,2021-09-12T18:02:57.500,43.0,CAR,left,64.07,24.34,4.42,1.86,0.45,21.61,97.51,None
2021091202,1319,44825.0,22,2021-09-12T18:02:57.600,43.0,CAR,left,64.5,24.27,4.26,2.08,0.43,38.37,99.34,None
2021091202,1319,44825.0,23,2021-09-12T18:02:57.700,43.0,CAR,left,64.9,24.2,3.9,2.63,0.4,53.57,100.55,None
2021091202,1319,44825.0,24,2021-09-12T18:02:57.800,43.0,CAR,left,65.24,24.13,3.43,3.28,0.36,72.0,102.6,None
2021091202,1319,44825.0,25,2021-09-12T18:02:57.900,43.0,CAR,left,65.53,24.06,2.65,4.6,0.29,28.88,104.23,None
2021091202,1319,44825.0,26,2021-09-12T18:02:58.000,43.0,CAR,left,65.76,24.0,2.17,4.68,0.24,24.17,105.76,None
2021091202,1319,44825.0,27,2021-09-12T18:02:58.100,43.0,CAR,left,65.92,23.96,1.44,5.19,0.17,20.21,106.72,None
2021091202,1319,44825.0,28,2021-09-12T18:02:58.200,43.0,CAR,left,66.01,23.93,0.67,5.51,0.09,21.42,108.26,None
2021091202,1319,44825.0,29,2021-09-12T18:02:58.300,43.0,CAR,left,66.02,23.94,0.21,6.05,0.01,30.63,297.0,None
2021091202,1319,44825.0,30,2021-09-12T18:02:58.400,43.0,CAR,left,65.97,23.95,0.78,5.51,0.05,40.59,286.95,None
2021091202,1319,44825.0,31,2021-09-12T18:02:58.500,43.0,CAR,left,65.86,23.98,1.43,5.17,0.11,27.36,286.72,None
2021091202,1319,44825.0,32,2021-09-12T18:02:58.600,43.0,CAR,left,65.69,24.05,2.06,4.87,0.18,20.31,289.71,autoevent_passforward
2021091202,1319,44825.0,33,2021-09-12T18:02:58.700,43.0,CAR,left,65.48,24.14,2.63,4.54,0.24,20.31,295.35,pass_forward
2021091202,1319,44825.0,34,2021-09-12T18:02:58.800,43.0,CAR,left,65.22,24.27,3.14,4.17,0.29,23.23,296.28,None
2021091202,1319,44825.0,35,2021-09-12T18:02:58.900,43.0,CAR,left,64.92,24.41,3.49,3.27,0.33,15.26,296.02,None
2021091202,1319,44825.0,36,2021-09-12T18:02:59.000,43.0,CAR,left,64.6,24.54,3.46,1.62,0.34,356.18,290.91,None
2021091202,1319,44825.0,37,2021-09-12T18:02:59.100,43.0,CAR,left,64.28,24.65,3.49,1.45,0.35,353.28,286.71,None
2021091202,1319,46124.0,1,2021-09-12T18:02:55.500,26.0,CAR,left,51.11,10.92,0.1,0.09,0.01,5.19,261.71,None
2021091202,1319,46124.0,2,2021-09-12T18:02:55.600,26.0,CAR,left,51.1,10.92,0.1,0.06,0.01,5.19,263.26,None
2021091202,1319,46124.0,3,2021-09-12T18:02:55.700,26.0,CAR,left,51.09,10.93,0.1,0.04,0.01,6.47,276.25,None
2021091202,1319,46124.0,4,2021-09-12T18:02:55.800,26.0,CAR,left,51.06,10.95,0.18,0.05,0.04,9.12,290.14,None
2021091202,1319,46124.0,5,2021-09-12T18:02:55.900,26.0,CAR,left,50.98,10.98,0.32,0.11,0.08,16.16,290.79,None
2021091202,1319,46124.0,6,2021-09-12T18:02:56.000,26.0,CAR,left,50.92,10.99,0.38,0.17,0.07,19.82,288.31,autoevent_ballsnap
2021091202,1319,46124.0,7,2021-09-12T18:02:56.100,26.0,CAR,left,50.85,11.01,0.41,0.22,0.07,20.66,287.68,ball_snap
2021091202,1319,46124.0,8,2021-09-12T18:02:56.200,26.0,CAR,left,50.75,11.05,0.49,0.3,0.11,26.29,288.38,None
2021091202,1319,46124.0,9,2021-09-12T18:02:56.300,26.0,CAR,left,50.64,11.06,0.57,0.44,0.11,39.26,285.34,None
2021091202,1319,46124.0,10,2021-09-12T18:02:56.400,26.0,CAR,left,50.59,11.07,0.67,1.3,0.06,48.43,281.85,None
2021091202,1319,46124.0,11,2021-09-12T18:02:56.500,26.0,CAR,left,50.5,11.06,0.85,1.68,0.08,61.78,272.78,None
2021091202,1319,46124.0,12,2021-09-12T18:02:56.600,26.0,CAR,left,50.39,11.04,1.13,2.14,0.11,63.88,263.93,None
2021091202,1319,46124.0,13,2021-09-12T18:02:56.700,26.0,CAR,left,50.24,11.03,1.47,2.37,0.15,69.81,262.1,None
2021091202,1319,46124.0,14,2021-09-12T18:02:56.800,26.0,CAR,left,50.02,11.02,2.0,2.74,0.22,65.71,264.12,None
2021091202,1319,46124.0,15,2021-09-12T18:02:56.900,26.0,CAR,left,49.8,11.0,2.31,2.44,0.22,67.5,263.35,None
2021091202,1319,46124.0,16,2021-09-12T18:02:57.000,26.0,CAR,left,49.53,10.97,2.7,2.49,0.27,61.62,264.38,None
2021091202,1319,46124.0,17,2021-09-12T18:02:57.100,26.0,CAR,left,49.23,10.96,3.04,2.43,0.3,56.57,265.71,None
2021091202,1319,46124.0,18,2021-09-12T18:02:57.200,26.0,CAR,left,48.9,10.93,3.37,2.34,0.33,60.64,266.21,None
2021091202,1319,46124.0,19,2021-09-12T18:02:57.300,26.0,CAR,left,48.54,10.91,3.64,2.09,0.36,63.25,265.87,None
2021091202,1319,46124.0,20,2021-09-12T18:02:57.400,26.0,CAR,left,48.17,10.87,3.84,1.55,0.38,65.05,264.9,None
2021091202,1319,46124.0,21,2021-09-12T18:02:57.500,26.0,CAR,left,47.77,10.82,4.04,1.29,0.4,65.81,263.73,None
2021091202,1319,46124.0,22,2021-09-12T18:02:57.600,26.0,CAR,left,47.37,10.77,4.14,0.89,0.41,71.0,262.85,None
2021091202,1319,46124.0,23,2021-09-12T18:02:57.700,26.0,CAR,left,46.95,10.71,4.18,0.55,0.42,73.92,261.81,None
2021091202,1319,46124.0,24,2021-09-12T18:02:57.800,26.0,CAR,left,46.54,10.65,4.17,0.56,0.42,80.05,260.83,None
2021091202,1319,46124.0,25,2021-09-12T18:02:57.900,26.0,CAR,left,46.12,10.59,4.24,0.34,0.43,88.51,261.51,None
2021091202,1319,46124.0,26,2021-09-12T18:02:58.000,26.0,CAR,left,45.69,10.52,4.32,0.39,0.44,99.46,260.71,None
2021091202,1319,46124.0,27,2021-09-12T18:02:58.100,26.0,CAR,left,45.25,10.42,4.38,0.69,0.45,108.91,258.1,None
2021091202,1319,46124.0,28,2021-09-12T18:02:58.200,26.0,CAR,left,44.83,10.32,4.31,1.0,0.43,120.68,256.0,None
2021091202,1319,46124.0,29,2021-09-12T18:02:58.300,26.0,CAR,left,44.43,10.19,4.2,1.45,0.42,135.15,253.11,None
2021091202,1319,46124.0,30,2021-09-12T18:02:58.400,26.0,CAR,left,44.03,10.05,4.19,1.64,0.43,149.98,250.01,None
2021091202,1319,46124.0,31,2021-09-12T18:02:58.500,26.0,CAR,left,43.65,9.89,4.1,1.85,0.41,161.12,246.81,None
2021091202,1319,46124.0,32,2021-09-12T18:02:58.600,26.0,CAR,left,43.24,9.71,4.25,1.49,0.44,165.86,245.34,autoevent_passforward
2021091202,1319,46124.0,33,2021-09-12T18:02:58.700,26.0,CAR,left,42.85,9.53,4.32,1.24,0.43,165.86,243.64,pass_forward
2021091202,1319,46124.0,34,2021-09-12T18:02:58.800,26.0,CAR,left,42.46,9.32,4.37,1.04,0.44,162.42,242.06,None
2021091202,1319,46124.0,35,2021-09-12T18:02:58.900,26.0,CAR,left,42.06,9.12,4.47,0.65,0.45,158.33,241.86,None
2021091202,1319,46124.0,36,2021-09-12T18:02:59.000,26.0,CAR,left,41.66,8.9,4.54,0.45,0.46,157.1,241.24,None
2021091202,1319,46124.0,37,2021-09-12T18:02:59.100,26.0,CAR,left,41.25,8.7,4.52,0.19,0.45,149.18,242.46,None
2021091202,1319,46230.0,1,2021-09-12T18:02:55.500,4.0,CAR,left,54.41,27.25,0.27,0.02,0.02,91.61,22.79,None
2021091202,1319,46230.0,2,2021-09-12T18:02:55.600,4.0,CAR,left,54.43,27.26,0.25,0.05,0.02,89.81,29.71,None
2021091202,1319,46230.0,3,2021-09-12T18:02:55.700,4.0,CAR,left,54.46,27.28,0.26,0.09,0.04,89.22,38.53,None
2021091202,1319,46230.0,4,2021-09-12T18:02:55.800,4.0,CAR,left,54.47,27.32,0.28,0.13,0.05,89.22,34.09,None
2021091202,1319,46230.0,5,2021-09-12T18:02:55.900,4.0,CAR,left,54.49,27.34,0.27,0.15,0.03,89.22,34.97,None
2021091202,1319,46230.0,6,2021-09-12T18:02:56.000,4.0,CAR,left,54.51,27.35,0.24,0.15,0.02,89.22,37.77,autoevent_ballsnap
2021091202,1319,46230.0,7,2021-09-12T18:02:56.100,4.0,CAR,left,54.5,27.37,0.2,0.21,0.01,87.04,33.46,ball_snap
2021091202,1319,46230.0,8,2021-09-12T18:02:56.200,4.0,CAR,left,54.49,27.34,0.06,0.78,0.03,85.1,41.75,None
2021091202,1319,46230.0,9,2021-09-12T18:02:56.300,4.0,CAR,left,54.48,27.31,0.16,1.6,0.03,85.98,202.14,None
2021091202,1319,46230.0,10,2021-09-12T18:02:56.400,4.0,CAR,left,54.45,27.28,0.42,2.17,0.04,85.98,217.1,None
2021091202,1319,46230.0,11,2021-09-12T18:02:56.500,4.0,CAR,left,54.41,27.23,0.8,2.57,0.07,85.22,220.45,None
2021091202,1319,46230.0,12,2021-09-12T18:02:56.600,4.0,CAR,left,54.34,27.15,1.11,2.52,0.1,88.71,221.49,None
2021091202,1319,46230.0,13,2021-09-12T18:02:56.700,4.0,CAR,left,54.24,27.06,1.44,2.5,0.13,99.81,225.75,None
2021091202,1319,46230.0,14,2021-09-12T18:02:56.800,4.0,CAR,left,54.13,26.95,1.71,2.18,0.16,103.18,225.77,None
2021091202,1319,46230.0,15,2021-09-12T18:02:56.900,4.0,CAR,left,53.99,26.81,2.01,1.99,0.2,105.24,225.47,None
2021091202,1319,46230.0,16,2021-09-12T18:02:57.000,4.0,CAR,left,53.83,26.65,2.27,1.77,0.22,116.32,225.07,None
2021091202,1319,46230.0,17,2021-09-12T18:02:57.100,4.0,CAR,left,53.66,26.47,2.52,1.65,0.25,129.32,223.31,None
2021091202,1319,46230.0,18,2021-09-12T18:02:57.200,4.0,CAR,left,53.48,26.26,2.78,1.58,0.27,135.22,222.0,None
2021091202,1319,46230.0,19,2021-09-12T18:02:57.300,4.0,CAR,left,53.29,26.03,3.05,1.56,0.3,146.03,220.17,None
2021091202,1319,46230.0,20,2021-09-12T18:02:57.400,4.0,CAR,left,53.09,25.79,3.19,1.31,0.31,152.76,218.19,None
2021091202,1319,46230.0,21,2021-09-12T18:02:57.500,4.0,CAR,left,52.9,25.5,3.41,1.42,0.34,139.59,214.9,None
2021091202,1319,46230.0,22,2021-09-12T18:02:57.600,4.0,CAR,left,52.72,25.22,3.41,1.13,0.33,139.59,212.15,None
2021091202,1319,46230.0,23,2021-09-12T18:02:57.700,4.0,CAR,left,52.59,24.96,3.11,1.5,0.29,141.53,207.46,None
2021091202,1319,46230.0,24,2021-09-12T18:02:57.800,4.0,CAR,left,52.48,24.7,2.87,2.08,0.28,139.77,202.45,None
2021091202,1319,46230.0,25,2021-09-12T18:02:57.900,4.0,CAR,left,52.42,24.47,2.46,2.92,0.24,134.07,195.21,None
2021091202,1319,46230.0,26,2021-09-12T18:02:58.000,4.0,CAR,left,52.39,24.27,2.04,3.57,0.2,129.2,185.85,None
2021091202,1319,46230.0,27,2021-09-12T18:02:58.100,4.0,CAR,left,52.42,24.14,1.45,4.5,0.13,122.88,168.87,None
2021091202,1319,46230.0,28,2021-09-12T18:02:58.200,4.0,CAR,left,52.48,24.05,1.12,4.81,0.11,122.27,142.0,None
2021091202,1319,46230.0,29,2021-09-12T18:02:58.300,4.0,CAR,left,52.57,24.01,1.09,4.81,0.1,118.72,109.1,None
2021091202,1319,46230.0,30,2021-09-12T18:02:58.400,4.0,CAR,left,52.69,24.03,1.37,4.93,0.12,112.84,77.99,None
2021091202,1319,46230.0,31,2021-09-12T18:02:58.500,4.0,CAR,left,52.84,24.1,1.8,4.83,0.16,84.19,61.13,None
2021091202,1319,46230.0,32,2021-09-12T18:02:58.600,4.0,CAR,left,52.99,24.21,2.14,4.19,0.19,67.77,51.37,autoevent_passforward
2021091202,1319,46230.0,33,2021-09-12T18:02:58.700,4.0,CAR,left,53.15,24.39,2.5,3.79,0.23,44.73,42.25,pass_forward
2021091202,1319,46230.0,34,2021-09-12T18:02:58.800,4.0,CAR,left,53.29,24.61,2.75,3.48,0.26,36.32,32.3,None
2021091202,1319,46230.0,35,2021-09-12T18:02:58.900,4.0,CAR,left,53.39,24.86,2.92,3.49,0.28,20.82,21.63,None
2021091202,1319,46230.0,36,2021-09-12T18:02:59.000,4.0,CAR,left,53.47,25.15,3.09,3.24,0.3,13.53,14.73,None
2021091202,1319,46230.0,37,2021-09-12T18:02:59.100,4.0,CAR,left,53.5,25.46,3.24,3.55,0.31,4.67,4.92,None
2021091202,1319,47799.0,1,2021-09-12T18:02:55.500,53.0,CAR,left,58.5,36.25,0.08,0.07,0.01,154.04,31.74,None
2021091202,1319,47799.0,2,2021-09-12T18:02:55.600,53.0,CAR,left,58.52,36.22,0.06,0.06,0.03,154.7,51.77,None
2021091202,1319,47799.0,3,2021-09-12T18:02:55.700,53.0,CAR,left,58.53,36.2,0.05,0.09,0.02,157.29,76.92,None
2021091202,1319,47799.0,4,2021-09-12T18:02:55.800,53.0,CAR,left,58.54,36.17,0.08,0.49,0.03,157.29,127.73,None
2021091202,1319,47799.0,5,2021-09-12T18:02:55.900,53.0,CAR,left,58.56,36.16,0.18,0.98,0.03,157.29,137.68,None
2021091202,1319,47799.0,6,2021-09-12T18:02:56.000,53.0,CAR,left,58.6,36.14,0.37,1.41,0.04,155.84,127.36,autoevent_ballsnap
2021091202,1319,47799.0,7,2021-09-12T18:02:56.100,53.0,CAR,left,58.65,36.12,0.58,1.51,0.05,153.12,116.12,ball_snap
2021091202,1319,47799.0,8,2021-09-12T18:02:56.200,53.0,CAR,left,58.73,36.1,0.81,1.41,0.08,150.37,112.38,None
2021091202,1319,47799.0,9,2021-09-12T18:02:56.300,53.0,CAR,left,58.9,36.08,1.34,1.8,0.17,145.76,99.7,None
2021091202,1319,47799.0,10,2021-09-12T18:02:56.400,53.0,CAR,left,59.09,36.06,1.72,1.71,0.19,148.37,97.01,None
2021091202,1319,47799.0,11,2021-09-12T18:02:56.500,53.0,CAR,left,59.29,36.03,1.98,1.26,0.21,144.73,97.26,None
2021091202,1319,47799.0,12,2021-09-12T18:02:56.600,53.0,CAR,left,59.51,36.02,2.14,0.85,0.22,143.05,94.57,None
2021091202,1319,47799.0,13,2021-09-12T18:02:56.700,53.0,CAR,left,59.77,36.01,2.32,0.49,0.25,129.62,93.42,None
2021091202,1319,47799.0,14,2021-09-12T18:02:56.800,53.0,CAR,left,60.0,35.98,2.35,0.08,0.24,120.04,94.63,None
2021091202,1319,47799.0,15,2021-09-12T18:02:56.900,53.0,CAR,left,60.22,35.95,2.27,0.63,0.22,110.1,95.12,None
2021091202,1319,47799.0,16,2021-09-12T18:02:57.000,53.0,CAR,left,60.43,35.94,2.12,1.12,0.2,104.38,95.21,None
2021091202,1319,47799.0,17,2021-09-12T18:02:57.100,53.0,CAR,left,60.6,35.89,1.9,1.59,0.18,101.08,99.01,None
2021091202,1319,47799.0,18,2021-09-12T18:02:57.200,53.0,CAR,left,60.75,35.84,1.64,2.09,0.16,88.74,103.39,None
2021091202,1319,47799.0,19,2021-09-12T18:02:57.300,53.0,CAR,left,60.89,35.77,1.46,2.17,0.16,84.24,111.97,None
2021091202,1319,47799.0,20,2021-09-12T18:02:57.400,53.0,CAR,left,61.02,35.67,1.39,2.07,0.16,84.24,123.44,None
2021091202,1319,47799.0,21,2021-09-12T18:02:57.500,53.0,CAR,left,61.12,35.55,1.37,2.09,0.15,81.17,138.25,None
2021091202,1319,47799.0,22,2021-09-12T18:02:57.600,53.0,CAR,left,61.19,35.43,1.37,1.94,0.14,78.61,148.89,None
2021091202,1319,47799.0,23,2021-09-12T18:02:57.700,53.0,CAR,left,61.26,35.29,1.46,1.72,0.16,78.61,158.03,None
2021091202,1319,47799.0,24,2021-09-12T18:02:57.800,53.0,CAR,left,61.3,35.14,1.56,1.44,0.16,80.27,165.62,None
2021091202,1319,47799.0,25,2021-09-12T18:02:57.900,53.0,CAR,left,61.32,34.94,1.77,1.36,0.2,83.08,173.03,None
2021091202,1319,47799.0,26,2021-09-12T18:02:58.000,53.0,CAR,left,61.31,34.74,1.95,1.37,0.2,75.54,179.74,None
2021091202,1319,47799.0,27,2021-09-12T18:02:58.100,53.0,CAR,left,61.32,34.52,2.12,1.01,0.22,67.64,181.0,None
2021091202,1319,47799.0,28,2021-09-12T18:02:58.200,53.0,CAR,left,61.34,34.26,2.36,0.65,0.25,63.06,179.92,None
2021091202,1319,47799.0,29,2021-09-12T18:02:58.300,53.0,CAR,left,61.34,34.01,2.51,0.35,0.26,140.23,179.61,None
2021091202,1319,47799.0,30,2021-09-12T18:02:58.400,53.0,CAR,left,61.34,33.74,2.58,0.03,0.26,184.62,180.11,None
2021091202,1319,47799.0,31,2021-09-12T18:02:58.500,53.0,CAR,left,61.32,33.47,2.69,0.22,0.28,175.29,182.48,None
2021091202,1319,47799.0,32,2021-09-12T18:02:58.600,53.0,CAR,left,61.28,33.17,2.83,0.52,0.3,179.51,185.63,autoevent_passforward
2021091202,1319,47799.0,33,2021-09-12T18:02:58.700,53.0,CAR,left,61.23,32.89,2.82,0.91,0.29,177.54,189.1,pass_forward
2021091202,1319,47799.0,34,2021-09-12T18:02:58.800,53.0,CAR,left,61.16,32.6,2.82,1.15,0.3,174.7,192.23,None
2021091202,1319,47799.0,35,2021-09-12T18:02:58.900,53.0,CAR,left,61.08,32.33,2.74,1.4,0.28,178.67,194.95,None
2021091202,1319,47799.0,36,2021-09-12T18:02:59.000,53.0,CAR,left,61.02,32.06,2.65,1.49,0.28,198.03,196.16,None
2021091202,1319,47799.0,37,2021-09-12T18:02:59.100,53.0,CAR,left,60.92,31.82,2.54,1.67,0.26,212.09,200.17,None
2021091202,1319,47969.0,1,2021-09-12T18:02:55.500,25.0,NYJ,left,63.79,32.15,0.01,0.02,0.0,222.28,185.79,None
2021091202,1319,47969.0,2,2021-09-12T18:02:55.600,25.0,NYJ,left,63.78,32.15,0.01,0.02,0.0,216.98,185.95,None
2021091202,1319,47969.0,3,2021-09-12T18:02:55.700,25.0,NYJ,left,63.78,32.14,0.01,0.01,0.01,186.31,186.03,None
2021091202,1319,47969.0,4,2021-09-12T18:02:55.800,25.0,NYJ,left,63.78,32.16,0.01,0.01,0.02,168.79,186.18,None
2021091202,1319,47969.0,5,2021-09-12T18:02:55.900,25.0,NYJ,left,63.78,32.15,0.01,0.01,0.01,145.8,185.89,None
2021091202,1319,47969.0,6,2021-09-12T18:02:56.000,25.0,NYJ,left,63.79,32.15,0.01,0.01,0.01,145.8,185.0,autoevent_ballsnap
2021091202,1319,47969.0,7,2021-09-12T18:02:56.100,25.0,NYJ,left,63.8,32.15,0.01,0.01,0.01,149.16,182.59,ball_snap
2021091202,1319,47969.0,8,2021-09-12T18:02:56.200,25.0,NYJ,left,63.81,32.15,0.01,0.01,0.01,153.93,179.84,None
2021091202,1319,47969.0,9,2021-09-12T18:02:56.300,25.0,NYJ,left,63.81,32.15,0.01,0.01,0.0,153.0,179.16,None
2021091202,1319,47969.0,10,2021-09-12T18:02:56.400,25.0,NYJ,left,63.82,32.15,0.0,0.01,0.01,156.68,175.11,None
2021091202,1319,47969.0,11,2021-09-12T18:02:56.500,25.0,NYJ,left,63.85,32.17,0.05,0.95,0.03,145.12,63.08,None
2021091202,1319,47969.0,12,2021-09-12T18:02:56.600,25.0,NYJ,left,63.86,32.19,0.29,2.67,0.02,143.55,52.21,None
2021091202,1319,47969.0,13,2021-09-12T18:02:56.700,25.0,NYJ,left,63.91,32.24,0.73,3.77,0.06,135.17,43.62,None
2021091202,1319,47969.0,14,2021-09-12T18:02:56.800,25.0,NYJ,left,63.97,32.32,1.23,4.12,0.11,135.17,39.99,None
2021091202,1319,47969.0,15,2021-09-12T18:02:56.900,25.0,NYJ,left,64.06,32.46,1.79,4.67,0.16,156.56,35.38,None
2021091202,1319,47969.0,16,2021-09-12T18:02:57.000,25.0,NYJ,left,64.18,32.64,2.36,4.65,0.22,235.37,33.2,None
2021091202,1319,47969.0,17,2021-09-12T18:02:57.100,25.0,NYJ,left,64.33,32.89,2.96,4.41,0.29,265.34,30.86,None
2021091202,1319,47969.0,18,2021-09-12T18:02:57.200,25.0,NYJ,left,64.48,33.2,3.54,4.16,0.35,266.62,27.68,None
2021091202,1319,47969.0,19,2021-09-12T18:02:57.300,25.0,NYJ,left,64.65,33.54,3.94,3.49,0.38,270.73,26.01,None
2021091202,1319,47969.0,20,2021-09-12T18:02:57.400,25.0,NYJ,left,64.82,33.95,4.42,3.33,0.44,275.94,23.31,None
2021091202,1319,47969.0,21,2021-09-12T18:02:57.500,25.0,NYJ,left,64.99,34.38,4.78,2.82,0.47,272.24,21.72,None
2021091202,1319,47969.0,22,2021-09-12T18:02:57.600,25.0,NYJ,left,65.16,34.86,5.08,2.42,0.5,258.56,19.36,None
2021091202,1319,47969.0,23,2021-09-12T18:02:57.700,25.0,NYJ,left,65.32,35.36,5.32,1.96,0.53,250.67,17.65,None
2021091202,1319,47969.0,24,2021-09-12T18:02:57.800,25.0,NYJ,left,65.46,35.88,5.48,1.65,0.55,247.08,15.45,None
2021091202,1319,47969.0,25,2021-09-12T18:02:57.900,25.0,NYJ,left,65.6,36.42,5.59,1.49,0.56,244.89,13.66,None
2021091202,1319,47969.0,26,2021-09-12T18:02:58.000,25.0,NYJ,left,65.71,36.97,5.61,1.48,0.56,236.62,11.32,None
2021091202,1319,47969.0,27,2021-09-12T18:02:58.100,25.0,NYJ,left,65.8,37.53,5.67,1.59,0.57,233.74,9.19,None
2021091202,1319,47969.0,28,2021-09-12T18:02:58.200,25.0,NYJ,left,65.88,38.09,5.63,1.6,0.57,228.14,7.31,None
2021091202,1319,47969.0,29,2021-09-12T18:02:58.300,25.0,NYJ,left,65.94,38.65,5.53,1.68,0.56,222.28,5.64,None
2021091202,1319,47969.0,30,2021-09-12T18:02:58.400,25.0,NYJ,left,65.98,39.16,5.23,2.14,0.52,224.73,3.89,None
2021091202,1319,47969.0,31,2021-09-12T18:02:58.500,25.0,NYJ,left,66.0,39.68,5.07,2.29,0.52,230.56,1.67,None
2021091202,1319,47969.0,32,2021-09-12T18:02:58.600,25.0,NYJ,left,65.99,40.2,5.01,2.24,0.52,232.92,359.38,autoevent_passforward
2021091202,1319,47969.0,33,2021-09-12T18:02:58.700,25.0,NYJ,left,65.97,40.68,4.74,2.58,0.48,236.71,356.79,pass_forward
2021091202,1319,47969.0,34,2021-09-12T18:02:58.800,25.0,NYJ,left,65.94,41.15,4.55,2.55,0.47,238.53,354.88,None
2021091202,1319,47969.0,35,2021-09-12T18:02:58.900,25.0,NYJ,left,65.89,41.6,4.4,2.42,0.45,238.53,352.47,None
2021091202,1319,47969.0,36,2021-09-12T18:02:59.000,25.0,NYJ,left,65.8,42.03,4.28,2.43,0.44,241.38,348.58,None
2021091202,1319,47969.0,37,2021-09-12T18:02:59.100,25.0,NYJ,left,65.68,42.42,4.06,2.98,0.41,229.72,342.12,None
2021091202,1319,52415.0,1,2021-09-12T18:02:55.500,95.0,CAR,left,58.56,32.17,0.02,0.02,0.01,60.09,301.62,None
2021091202,1319,52415.0,2,2021-09-12T18:02:55.600,95.0,CAR,left,58.58,32.16,0.0,0.25,0.02,98.71,358.21,None
2021091202,1319,52415.0,3,2021-09-12T18:02:55.700,95.0,CAR,left,58.61,32.16,0.08,0.73,0.03,120.28,81.86,None
2021091202,1319,52415.0,4,2021-09-12T18:02:55.800,95.0,CAR,left,58.63,32.16,0.21,1.06,0.02,138.26,89.89,None
2021091202,1319,52415.0,5,2021-09-12T18:02:55.900,95.0,CAR,left,58.69,32.16,0.54,1.84,0.06,142.02,89.24,None
2021091202,1319,52415.0,6,2021-09-12T18:02:56.000,95.0,CAR,left,58.76,32.17,0.76,1.82,0.07,142.76,88.27,autoevent_ballsnap
2021091202,1319,52415.0,7,2021-09-12T18:02:56.100,95.0,CAR,left,58.87,32.19,1.13,2.04,0.12,148.44,82.65,ball_snap
2021091202,1319,52415.0,8,2021-09-12T18:02:56.200,95.0,CAR,left,59.01,32.23,1.44,1.67,0.15,148.44,77.23,None
2021091202,1319,52415.0,9,2021-09-12T18:02:56.300,95.0,CAR,left,59.18,32.28,1.71,1.38,0.18,150.92,74.19,None
2021091202,1319,52415.0,10,2021-09-12T18:02:56.400,95.0,CAR,left,59.35,32.35,1.85,1.03,0.18,149.34,70.12,None
2021091202,1319,52415.0,11,2021-09-12T18:02:56.500,95.0,CAR,left,59.55,32.43,2.05,0.7,0.22,142.76,68.75,None
2021091202,1319,52415.0,12,2021-09-12T18:02:56.600,95.0,CAR,left,59.77,32.52,2.21,0.6,0.23,138.79,67.26,None
2021091202,1319,52415.0,13,2021-09-12T18:02:56.700,95.0,CAR,left,60.02,32.62,2.46,0.49,0.27,131.78,66.53,None
2021091202,1319,52415.0,14,2021-09-12T18:02:56.800,95.0,CAR,left,60.27,32.72,2.61,0.2,0.28,126.49,66.82,None
2021091202,1319,52415.0,15,2021-09-12T18:02:56.900,95.0,CAR,left,60.56,32.83,2.77,0.05,0.3,126.49,67.92,None
2021091202,1319,52415.0,16,2021-09-12T18:02:57.000,95.0,CAR,left,60.85,32.93,2.87,0.35,0.31,127.6,69.36,None
2021091202,1319,52415.0,17,2021-09-12T18:02:57.100,95.0,CAR,left,61.15,33.01,2.93,0.7,0.31,127.6,72.33,None
2021091202,1319,52415.0,18,2021-09-12T18:02:57.200,95.0,CAR,left,61.48,33.07,3.02,0.96,0.33,119.69,76.15,None
2021091202,1319,52415.0,19,2021-09-12T18:02:57.300,95.0,CAR,left,61.83,33.1,3.15,1.18,0.36,133.89,80.89,None
2021091202,1319,52415.0,20,2021-09-12T18:02:57.400,95.0,CAR,left,62.18,33.12,3.21,1.31,0.35,138.64,84.43,None
2021091202,1319,52415.0,21,2021-09-12T18:02:57.500,95.0,CAR,left,62.53,33.12,3.24,1.44,0.35,145.18,88.29,None
2021091202,1319,52415.0,22,2021-09-12T18:02:57.600,95.0,CAR,left,62.89,33.08,3.31,1.56,0.37,150.67,93.02,None
2021091202,1319,52415.0,23,2021-09-12T18:02:57.700,95.0,CAR,left,63.23,33.03,3.29,1.66,0.34,158.9,96.81,None
2021091202,1319,52415.0,24,2021-09-12T18:02:57.800,95.0,CAR,left,63.56,32.96,3.23,1.81,0.34,164.74,101.29,None
2021091202,1319,52415.0,25,2021-09-12T18:02:57.900,95.0,CAR,left,63.89,32.86,3.2,1.88,0.34,170.93,105.42,None
2021091202,1319,52415.0,26,2021-09-12T18:02:58.000,95.0,CAR,left,64.19,32.73,3.14,2.02,0.33,177.05,110.67,None
2021091202,1319,52415.0,27,2021-09-12T18:02:58.100,95.0,CAR,left,64.46,32.57,3.0,2.3,0.31,184.25,117.08,None
2021091202,1319,52415.0,28,2021-09-12T18:02:58.200,95.0,CAR,left,64.69,32.39,2.84,2.53,0.29,181.08,124.27,None
2021091202,1319,52415.0,29,2021-09-12T18:02:58.300,95.0,CAR,left,64.88,32.21,2.64,2.7,0.26,178.72,131.33,None
2021091202,1319,52415.0,30,2021-09-12T18:02:58.400,95.0,CAR,left,65.07,32.04,2.5,2.58,0.26,179.97,135.83,None
2021091202,1319,52415.0,31,2021-09-12T18:02:58.500,95.0,CAR,left,65.24,31.87,2.32,2.3,0.24,177.57,138.51,None
2021091202,1319,52415.0,32,2021-09-12T18:02:58.600,95.0,CAR,left,65.41,31.73,2.11,2.03,0.22,173.55,137.92,autoevent_passforward
2021091202,1319,52415.0,33,2021-09-12T18:02:58.700,95.0,CAR,left,65.5,31.64,1.62,2.41,0.13,173.55,138.88,pass_forward
2021091202,1319,52415.0,34,2021-09-12T18:02:58.800,95.0,CAR,left,65.55,31.55,1.18,2.65,0.1,180.48,144.18,None
2021091202,1319,52415.0,35,2021-09-12T18:02:58.900,95.0,CAR,left,65.59,31.48,0.84,2.66,0.08,178.75,147.34,None
2021091202,1319,52415.0,36,2021-09-12T18:02:59.000,95.0,CAR,left,65.61,31.44,0.47,2.79,0.05,181.88,155.41,None
2021091202,1319,52415.0,37,2021-09-12T18:02:59.100,95.0,CAR,left,65.6,31.42,0.16,3.44,0.02,177.66,232.61,None
2021091202,1319,52419.0,1,2021-09-12T18:02:55.500,77.0,NYJ,left,60.47,26.62,0.0,0.0,0.0,265.23,6.05,None
2021091202,1319,52419.0,2,2021-09-12T18:02:55.600,77.0,NYJ,left,60.47,26.62,0.02,0.27,0.01,263.43,84.1,None
2021091202,1319,52419.0,3,2021-09-12T18:02:55.700,77.0,NYJ,left,60.49,26.62,0.13,1.07,0.02,264.02,93.88,None
2021091202,1319,52419.0,4,2021-09-12T18:02:55.800,77.0,NYJ,left,60.52,26.61,0.3,1.44,0.03,263.05,95.35,None
2021091202,1319,52419.0,5,2021-09-12T18:02:55.900,77.0,NYJ,left,60.57,26.6,0.53,1.66,0.05,263.05,100.82,None
2021091202,1319,52419.0,6,2021-09-12T18:02:56.000,77.0,NYJ,left,60.65,26.57,0.84,2.16,0.09,260.24,106.07,autoevent_ballsnap
2021091202,1319,52419.0,7,2021-09-12T18:02:56.100,77.0,NYJ,left,60.75,26.53,1.16,2.11,0.12,260.24,111.51,ball_snap
2021091202,1319,52419.0,8,2021-09-12T18:02:56.200,77.0,NYJ,left,60.88,26.47,1.45,2.09,0.14,256.59,114.32,None
2021091202,1319,52419.0,9,2021-09-12T18:02:56.300,77.0,NYJ,left,61.05,26.38,1.76,1.73,0.18,254.66,116.36,None
2021091202,1319,52419.0,10,2021-09-12T18:02:56.400,77.0,NYJ,left,61.22,26.28,1.98,1.24,0.2,250.48,118.65,None
2021091202,1319,52419.0,11,2021-09-12T18:02:56.500,77.0,NYJ,left,61.4,26.18,2.11,0.81,0.21,247.52,120.54,None
2021091202,1319,52419.0,12,2021-09-12T18:02:56.600,77.0,NYJ,left,61.59,26.06,2.18,0.46,0.22,243.06,122.14,None
2021091202,1319,52419.0,13,2021-09-12T18:02:56.700,77.0,NYJ,left,61.79,25.94,2.23,0.32,0.23,237.06,122.01,None
2021091202,1319,52419.0,14,2021-09-12T18:02:56.800,77.0,NYJ,left,62.01,25.82,2.31,0.37,0.25,224.41,120.93,None
2021091202,1319,52419.0,15,2021-09-12T18:02:56.900,77.0,NYJ,left,62.24,25.72,2.38,0.52,0.25,214.09,117.77,None
2021091202,1319,52419.0,16,2021-09-12T18:02:57.000,77.0,NYJ,left,62.48,25.6,2.46,0.6,0.26,204.51,116.07,None
2021091202,1319,52419.0,17,2021-09-12T18:02:57.100,77.0,NYJ,left,62.72,25.51,2.49,0.82,0.26,197.6,112.79,None
2021091202,1319,52419.0,18,2021-09-12T18:02:57.200,77.0,NYJ,left,62.99,25.44,2.59,1.04,0.28,193.27,107.26,None
2021091202,1319,52419.0,19,2021-09-12T18:02:57.300,77.0,NYJ,left,63.24,25.38,2.54,1.13,0.26,188.24,104.67,None
2021091202,1319,52419.0,20,2021-09-12T18:02:57.400,77.0,NYJ,left,63.51,25.33,2.56,1.23,0.27,176.02,100.65,None
2021091202,1319,52419.0,21,2021-09-12T18:02:57.500,77.0,NYJ,left,63.78,25.3,2.58,1.24,0.27,166.5,97.43,None
2021091202,1319,52419.0,22,2021-09-12T18:02:57.600,77.0,NYJ,left,64.04,25.29,2.57,1.35,0.27,160.09,92.96,None
2021091202,1319,52419.0,23,2021-09-12T18:02:57.700,77.0,NYJ,left,64.31,25.3,2.56,1.51,0.27,161.18,87.51,None
2021091202,1319,52419.0,24,2021-09-12T18:02:57.800,77.0,NYJ,left,64.57,25.33,2.55,1.43,0.27,161.18,84.13,None
2021091202,1319,52419.0,25,2021-09-12T18:02:57.900,77.0,NYJ,left,64.84,25.36,2.56,1.3,0.27,161.18,81.56,None
2021091202,1319,52419.0,26,2021-09-12T18:02:58.000,77.0,NYJ,left,65.11,25.4,2.55,1.19,0.27,163.82,79.86,None
2021091202,1319,52419.0,27,2021-09-12T18:02:58.100,77.0,NYJ,left,65.35,25.45,2.44,1.23,0.25,167.05,78.45,None
2021091202,1319,52419.0,28,2021-09-12T18:02:58.200,77.0,NYJ,left,65.57,25.5,2.26,1.46,0.22,170.57,77.03,None
2021091202,1319,52419.0,29,2021-09-12T18:02:58.300,77.0,NYJ,left,65.75,25.54,1.97,1.84,0.19,173.78,76.68,None
2021091202,1319,52419.0,30,2021-09-12T18:02:58.400,77.0,NYJ,left,65.89,25.59,1.56,2.34,0.14,177.06,72.25,None
2021091202,1319,52419.0,31,2021-09-12T18:02:58.500,77.0,NYJ,left,65.99,25.63,1.17,2.71,0.11,181.65,67.99,None
2021091202,1319,52419.0,32,2021-09-12T18:02:58.600,77.0,NYJ,left,66.02,25.68,0.67,3.1,0.05,186.94,50.5,autoevent_passforward
2021091202,1319,52419.0,33,2021-09-12T18:02:58.700,77.0,NYJ,left,66.02,25.73,0.44,2.98,0.05,192.97,11.22,pass_forward
2021091202,1319,52419.0,34,2021-09-12T18:02:58.800,77.0,NYJ,left,65.95,25.77,0.66,3.08,0.09,204.39,308.68,None
2021091202,1319,52419.0,35,2021-09-12T18:02:58.900,77.0,NYJ,left,65.85,25.81,1.02,2.95,0.1,210.01,291.91,None
2021091202,1319,52419.0,36,2021-09-12T18:02:59.000,77.0,NYJ,left,65.72,25.84,1.37,2.48,0.14,216.54,283.91,None
2021091202,1319,52419.0,37,2021-09-12T18:02:59.100,77.0,NYJ,left,65.56,25.87,1.63,2.0,0.16,222.95,278.82,None
2021091202,1319,52472.0,1,2021-09-12T18:02:55.500,21.0,CAR,left,53.86,35.47,0.19,0.13,0.02,106.4,46.63,None
2021091202,1319,52472.0,2,2021-09-12T18:02:55.600,21.0,CAR,left,53.87,35.45,0.14,0.11,0.02,107.99,63.41,None
2021091202,1319,52472.0,3,2021-09-12T18:02:55.700,21.0,CAR,left,53.87,35.47,0.13,0.11,0.02,107.06,55.88,None
2021091202,1319,52472.0,4,2021-09-12T18:02:55.800,21.0,CAR,left,53.88,35.48,0.12,0.11,0.01,107.06,54.62,None
2021091202,1319,52472.0,5,2021-09-12T18:02:55.900,21.0,CAR,left,53.9,35.51,0.13,0.11,0.03,108.58,48.19,None
2021091202,1319,52472.0,6,2021-09-12T18:02:56.000,21.0,CAR,left,53.9,35.52,0.12,0.11,0.01,106.49,43.85,autoevent_ballsnap
2021091202,1319,52472.0,7,2021-09-12T18:02:56.100,21.0,CAR,left,53.9,35.54,0.11,0.1,0.01,106.49,40.06,ball_snap
2021091202,1319,52472.0,8,2021-09-12T18:02:56.200,21.0,CAR,left,53.89,35.55,0.1,0.1,0.02,106.49,34.96,None
2021091202,1319,52472.0,9,2021-09-12T18:02:56.300,21.0,CAR,left,53.89,35.58,0.1,0.1,0.03,106.49,28.7,None
2021091202,1319,52472.0,10,2021-09-12T18:02:56.400,21.0,CAR,left,53.89,35.63,0.12,0.13,0.05,103.08,18.01,None
2021091202,1319,52472.0,11,2021-09-12T18:02:56.500,21.0,CAR,left,53.9,35.66,0.2,0.94,0.03,103.08,6.31,None
2021091202,1319,52472.0,12,2021-09-12T18:02:56.600,21.0,CAR,left,53.9,35.71,0.41,1.62,0.05,103.08,1.81,None
2021091202,1319,52472.0,13,2021-09-12T18:02:56.700,21.0,CAR,left,53.9,35.78,0.72,2.25,0.07,105.82,0.89,None
2021091202,1319,52472.0,14,2021-09-12T18:02:56.800,21.0,CAR,left,53.9,35.88,1.11,2.76,0.1,103.79,358.78,None
2021091202,1319,52472.0,15,2021-09-12T18:02:56.900,21.0,CAR,left,53.9,36.02,1.47,2.81,0.14,102.52,358.03,None
2021091202,1319,52472.0,16,2021-09-12T18:02:57.000,21.0,CAR,left,53.89,36.19,1.84,2.7,0.17,99.82,359.16,None
2021091202,1319,52472.0,17,2021-09-12T18:02:57.100,21.0,CAR,left,53.89,36.41,2.24,2.68,0.22,96.9,359.33,None
2021091202,1319,52472.0,18,2021-09-12T18:02:57.200,21.0,CAR,left,53.89,36.66,2.56,2.49,0.25,95.34,359.72,None
2021091202,1319,52472.0,19,2021-09-12T18:02:57.300,21.0,CAR,left,53.89,36.94,2.85,2.16,0.28,94.62,359.72,None
2021091202,1319,52472.0,20,2021-09-12T18:02:57.400,21.0,CAR,left,53.88,37.25,3.13,1.87,0.31,95.5,359.15,None
2021091202,1319,52472.0,21,2021-09-12T18:02:57.500,21.0,CAR,left,53.87,37.58,3.4,1.68,0.34,94.4,358.73,None
2021091202,1319,52472.0,22,2021-09-12T18:02:57.600,21.0,CAR,left,53.86,37.94,3.59,1.4,0.35,95.47,357.58,None
2021091202,1319,52472.0,23,2021-09-12T18:02:57.700,21.0,CAR,left,53.83,38.31,3.73,1.04,0.37,100.16,356.29,None
2021091202,1319,52472.0,24,2021-09-12T18:02:57.800,21.0,CAR,left,53.81,38.7,3.92,0.91,0.39,107.36,355.89,None
2021091202,1319,52472.0,25,2021-09-12T18:02:57.900,21.0,CAR,left,53.78,39.1,4.06,0.71,0.41,108.05,355.75,None
2021091202,1319,52472.0,26,2021-09-12T18:02:58.000,21.0,CAR,left,53.74,39.52,4.18,0.58,0.42,113.24,354.91,None
2021091202,1319,52472.0,27,2021-09-12T18:02:58.100,21.0,CAR,left,53.7,39.95,4.29,0.46,0.43,119.89,354.31,None
2021091202,1319,52472.0,28,2021-09-12T18:02:58.200,21.0,CAR,left,53.66,40.38,4.33,0.21,0.43,124.9,354.39,None
2021091202,1319,52472.0,29,2021-09-12T18:02:58.300,21.0,CAR,left,53.62,40.81,4.31,0.32,0.43,130.42,354.07,None
2021091202,1319,52472.0,30,2021-09-12T18:02:58.400,21.0,CAR,left,53.57,41.23,4.23,0.7,0.42,135.91,353.47,None
2021091202,1319,52472.0,31,2021-09-12T18:02:58.500,21.0,CAR,left,53.5,41.63,4.06,1.39,0.41,143.76,350.83,None
2021091202,1319,52472.0,32,2021-09-12T18:02:58.600,21.0,CAR,left,53.41,42.01,3.77,2.47,0.38,147.03,345.58,autoevent_passforward
2021091202,1319,52472.0,33,2021-09-12T18:02:58.700,21.0,CAR,left,53.3,42.35,3.51,3.12,0.36,150.94,340.28,pass_forward
2021091202,1319,52472.0,34,2021-09-12T18:02:58.800,21.0,CAR,left,53.16,42.65,3.25,3.54,0.33,157.65,333.26,None
2021091202,1319,52472.0,35,2021-09-12T18:02:58.900,21.0,CAR,left,52.99,42.9,2.94,4.2,0.3,170.43,322.71,None
2021091202,1319,52472.0,36,2021-09-12T18:02:59.000,21.0,CAR,left,52.8,43.1,2.76,4.38,0.28,176.56,312.75,None
2021091202,1319,52472.0,37,2021-09-12T18:02:59.100,21.0,CAR,left,52.58,43.27,2.72,4.63,0.27,183.0,301.46,None
2021091202,1319,52852.0,1,2021-09-12T18:02:55.500,38.0,CAR,left,54.98,16.6,0.09,0.88,0.01,359.57,200.37,None
2021091202,1319,52852.0,2,2021-09-12T18:02:55.600,38.0,CAR,left,54.97,16.6,0.04,0.86,0.0,356.43,14.38,None
2021091202,1319,52852.0,3,2021-09-12T18:02:55.700,38.0,CAR,left,54.98,16.61,0.12,0.73,0.01,354.11,16.61,None
2021091202,1319,52852.0,4,2021-09-12T18:02:55.800,38.0,CAR,left,54.98,16.62,0.1,0.33,0.0,354.11,13.9,None
2021091202,1319,52852.0,5,2021-09-12T18:02:55.900,38.0,CAR,left,54.99,16.62,0.12,0.31,0.01,350.19,55.29,None
2021091202,1319,52852.0,6,2021-09-12T18:02:56.000,38.0,CAR,left,55.0,16.63,0.14,0.14,0.01,344.17,37.81,autoevent_ballsnap
2021091202,1319,52852.0,7,2021-09-12T18:02:56.100,38.0,CAR,left,54.99,16.65,0.16,0.11,0.02,340.01,358.42,ball_snap
2021091202,1319,52852.0,8,2021-09-12T18:02:56.200,38.0,CAR,left,54.98,16.67,0.19,0.1,0.02,340.01,341.4,None
2021091202,1319,52852.0,9,2021-09-12T18:02:56.300,38.0,CAR,left,54.96,16.69,0.23,0.07,0.03,338.96,330.71,None
2021091202,1319,52852.0,10,2021-09-12T18:02:56.400,38.0,CAR,left,54.93,16.71,0.27,0.05,0.03,337.76,320.72,None
2021091202,1319,52852.0,11,2021-09-12T18:02:56.500,38.0,CAR,left,54.89,16.71,0.29,0.11,0.05,334.98,291.51,None
2021091202,1319,52852.0,12,2021-09-12T18:02:56.600,38.0,CAR,left,54.85,16.72,0.33,0.29,0.04,332.37,289.97,None
2021091202,1319,52852.0,13,2021-09-12T18:02:56.700,38.0,CAR,left,54.8,16.73,0.44,0.68,0.06,329.43,279.22,None
2021091202,1319,52852.0,14,2021-09-12T18:02:56.800,38.0,CAR,left,54.74,16.73,0.54,0.87,0.06,327.69,272.84,None
2021091202,1319,52852.0,15,2021-09-12T18:02:56.900,38.0,CAR,left,54.68,16.72,0.68,1.09,0.07,326.12,265.04,None
2021091202,1319,52852.0,16,2021-09-12T18:02:57.000,38.0,CAR,left,54.6,16.7,0.83,1.27,0.08,324.82,256.98,None
2021091202,1319,52852.0,17,2021-09-12T18:02:57.100,38.0,CAR,left,54.48,16.66,1.18,1.86,0.12,331.5,252.09,None
2021091202,1319,52852.0,18,2021-09-12T18:02:57.200,38.0,CAR,left,54.32,16.61,1.58,2.39,0.16,340.37,251.74,None
2021091202,1319,52852.0,19,2021-09-12T18:02:57.300,38.0,CAR,left,54.17,16.56,1.79,2.09,0.17,350.98,250.96,None
2021091202,1319,52852.0,20,2021-09-12T18:02:57.400,38.0,CAR,left,53.99,16.51,1.92,1.63,0.18,357.5,254.53,None
2021091202,1319,52852.0,21,2021-09-12T18:02:57.500,38.0,CAR,left,53.81,16.46,1.98,1.45,0.19,4.02,258.05,None
2021091202,1319,52852.0,22,2021-09-12T18:02:57.600,38.0,CAR,left,53.61,16.43,2.08,2.08,0.2,9.52,267.26,None
2021091202,1319,52852.0,23,2021-09-12T18:02:57.700,38.0,CAR,left,53.4,16.43,2.03,2.38,0.2,16.37,276.46,None
2021091202,1319,52852.0,24,2021-09-12T18:02:57.800,38.0,CAR,left,53.2,16.47,2.13,3.38,0.21,7.82,291.35,None
2021091202,1319,52852.0,25,2021-09-12T18:02:57.900,38.0,CAR,left,53.01,16.57,2.23,3.73,0.22,9.0,303.64,None
2021091202,1319,52852.0,26,2021-09-12T18:02:58.000,38.0,CAR,left,52.83,16.72,2.49,3.99,0.23,9.65,315.98,None
2021091202,1319,52852.0,27,2021-09-12T18:02:58.100,38.0,CAR,left,52.66,16.94,2.87,4.11,0.27,13.31,325.26,None
2021091202,1319,52852.0,28,2021-09-12T18:02:58.200,38.0,CAR,left,52.5,17.19,3.19,3.69,0.3,15.99,330.36,None
2021091202,1319,52852.0,29,2021-09-12T18:02:58.300,38.0,CAR,left,52.34,17.49,3.48,3.06,0.33,17.47,333.37,None
2021091202,1319,52852.0,30,2021-09-12T18:02:58.400,38.0,CAR,left,52.18,17.82,3.78,2.48,0.37,19.4,335.17,None
2021091202,1319,52852.0,31,2021-09-12T18:02:58.500,38.0,CAR,left,52.01,18.17,4.04,1.87,0.39,19.98,335.19,None
2021091202,1319,52852.0,32,2021-09-12T18:02:58.600,38.0,CAR,left,51.82,18.55,4.3,1.54,0.42,20.86,334.15,autoevent_passforward
2021091202,1319,52852.0,33,2021-09-12T18:02:58.700,38.0,CAR,left,51.62,18.95,4.51,1.27,0.45,21.88,333.14,pass_forward
2021091202,1319,52852.0,34,2021-09-12T18:02:58.800,38.0,CAR,left,51.4,19.36,4.66,1.08,0.46,17.8,331.33,None
2021091202,1319,52852.0,35,2021-09-12T18:02:58.900,38.0,CAR,left,51.17,19.77,4.76,0.89,0.47,14.12,330.34,None
2021091202,1319,52852.0,36,2021-09-12T18:02:59.000,38.0,CAR,left,50.91,20.18,4.84,1.0,0.49,9.8,328.13,None
2021091202,1319,52852.0,37,2021-09-12T18:02:59.100,38.0,CAR,left,50.64,20.6,4.93,0.98,0.5,5.74,326.69,None
2021091202,1319,53431.0,1,2021-09-12T18:02:55.500,2.0,NYJ,left,63.63,29.63,0.05,0.12,0.0,266.41,353.56,None
2021091202,1319,53431.0,2,2021-09-12T18:02:55.600,2.0,NYJ,left,63.63,29.63,0.04,0.2,0.0,266.41,13.11,None
2021091202,1319,53431.0,3,2021-09-12T18:02:55.700,2.0,NYJ,left,63.63,29.63,0.01,0.21,0.0,267.9,15.53,None
2021091202,1319,53431.0,4,2021-09-12T18:02:55.800,2.0,NYJ,left,63.63,29.64,0.03,0.11,0.01,267.9,34.27,None
2021091202,1319,53431.0,5,2021-09-12T18:02:55.900,2.0,NYJ,left,63.64,29.64,0.09,0.3,0.01,271.69,88.17,None
2021091202,1319,53431.0,6,2021-09-12T18:02:56.000,2.0,NYJ,left,63.65,29.64,0.14,0.37,0.01,269.33,103.99,autoevent_ballsnap
2021091202,1319,53431.0,7,2021-09-12T18:02:56.100,2.0,NYJ,left,63.68,29.63,0.22,0.36,0.02,264.18,110.71,ball_snap
2021091202,1319,53431.0,8,2021-09-12T18:02:56.200,2.0,NYJ,left,63.74,29.62,0.49,0.6,0.07,258.72,99.66,None
2021091202,1319,53431.0,9,2021-09-12T18:02:56.300,2.0,NYJ,left,63.82,29.62,0.69,0.94,0.08,273.44,94.69,None
2021091202,1319,53431.0,10,2021-09-12T18:02:56.400,2.0,NYJ,left,63.91,29.61,0.86,1.12,0.09,273.44,95.45,None
2021091202,1319,53431.0,11,2021-09-12T18:02:56.500,2.0,NYJ,left,64.02,29.6,1.05,1.22,0.11,270.93,96.17,None
2021091202,1319,53431.0,12,2021-09-12T18:02:56.600,2.0,NYJ,left,64.14,29.59,1.21,1.31,0.12,269.31,95.49,None
2021091202,1319,53431.0,13,2021-09-12T18:02:56.700,2.0,NYJ,left,64.26,29.57,1.35,1.22,0.13,270.16,96.03,None
2021091202,1319,53431.0,14,2021-09-12T18:02:56.800,2.0,NYJ,left,64.4,29.56,1.46,0.95,0.14,269.06,95.04,None
2021091202,1319,53431.0,15,2021-09-12T18:02:56.900,2.0,NYJ,left,64.55,29.54,1.51,0.62,0.15,269.06,96.37,None
2021091202,1319,53431.0,16,2021-09-12T18:02:57.000,2.0,NYJ,left,64.7,29.53,1.55,0.34,0.15,266.95,95.87,None
2021091202,1319,53431.0,17,2021-09-12T18:02:57.100,2.0,NYJ,left,64.86,29.51,1.56,0.09,0.15,268.34,95.39,None
2021091202,1319,53431.0,18,2021-09-12T18:02:57.200,2.0,NYJ,left,65.01,29.5,1.58,0.17,0.16,273.92,93.24,None
2021091202,1319,53431.0,19,2021-09-12T18:02:57.300,2.0,NYJ,left,65.17,29.51,1.57,0.37,0.16,281.44,90.09,None
2021091202,1319,53431.0,20,2021-09-12T18:02:57.400,2.0,NYJ,left,65.33,29.51,1.55,0.45,0.16,289.51,88.38,None
2021091202,1319,53431.0,21,2021-09-12T18:02:57.500,2.0,NYJ,left,65.47,29.51,1.41,0.68,0.14,298.3,87.94,None
2021091202,1319,53431.0,22,2021-09-12T18:02:57.600,2.0,NYJ,left,65.59,29.51,1.25,0.92,0.13,306.61,88.82,None
2021091202,1319,53431.0,23,2021-09-12T18:02:57.700,2.0,NYJ,left,65.71,29.52,1.13,1.02,0.12,313.92,87.82,None
2021091202,1319,53431.0,24,2021-09-12T18:02:57.800,2.0,NYJ,left,65.8,29.52,0.89,1.36,0.09,316.91,88.29,None
2021091202,1319,53431.0,25,2021-09-12T18:02:57.900,2.0,NYJ,left,65.86,29.51,0.61,1.67,0.06,316.91,93.53,None
2021091202,1319,53431.0,26,2021-09-12T18:02:58.000,2.0,NYJ,left,65.89,29.5,0.36,1.95,0.04,323.91,113.5,None
2021091202,1319,53431.0,27,2021-09-12T18:02:58.100,2.0,NYJ,left,65.91,29.48,0.2,1.91,0.02,323.91,148.84,None
2021091202,1319,53431.0,28,2021-09-12T18:02:58.200,2.0,NYJ,left,65.91,29.45,0.32,2.06,0.03,321.5,204.97,None
2021091202,1319,53431.0,29,2021-09-12T18:02:58.300,2.0,NYJ,left,65.88,29.41,0.53,1.82,0.05,319.34,214.95,None
2021091202,1319,53431.0,30,2021-09-12T18:02:58.400,2.0,NYJ,left,65.86,29.36,0.62,1.3,0.05,316.84,213.13,None
2021091202,1319,53431.0,31,2021-09-12T18:02:58.500,2.0,NYJ,left,65.83,29.3,0.76,1.05,0.07,312.32,212.11,None
2021091202,1319,53431.0,32,2021-09-12T18:02:58.600,2.0,NYJ,left,65.79,29.23,0.8,0.68,0.07,303.14,210.82,autoevent_passforward
2021091202,1319,53431.0,33,2021-09-12T18:02:58.700,2.0,NYJ,left,65.75,29.16,0.84,0.46,0.08,294.15,208.46,pass_forward
2021091202,1319,53431.0,34,2021-09-12T18:02:58.800,2.0,NYJ,left,65.71,29.09,0.85,0.26,0.08,289.21,207.38,None
2021091202,1319,53431.0,35,2021-09-12T18:02:58.900,2.0,NYJ,left,65.68,29.02,0.79,0.35,0.08,286.15,202.86,None
2021091202,1319,53431.0,36,2021-09-12T18:02:59.000,2.0,NYJ,left,65.66,28.95,0.71,0.54,0.07,281.47,198.62,None
2021091202,1319,53431.0,37,2021-09-12T18:02:59.100,2.0,NYJ,left,65.65,28.89,0.65,0.7,0.07,270.8,191.93,None
2021091202,1319,53437.0,1,2021-09-12T18:02:55.500,8.0,CAR,left,52.68,38.41,0.07,0.65,0.01,98.54,179.77,None
2021091202,1319,53437.0,2,2021-09-12T18:02:55.600,8.0,CAR,left,52.7,38.43,0.12,0.08,0.02,99.82,45.54,None
2021091202,1319,53437.0,3,2021-09-12T18:02:55.700,8.0,CAR,left,52.7,38.44,0.18,0.18,0.02,99.04,24.89,None
2021091202,1319,53437.0,4,2021-09-12T18:02:55.800,8.0,CAR,left,52.71,38.46,0.21,0.34,0.02,96.47,11.55,None
2021091202,1319,53437.0,5,2021-09-12T18:02:55.900,8.0,CAR,left,52.71,38.48,0.24,0.41,0.02,97.1,358.73,None
2021091202,1319,53437.0,6,2021-09-12T18:02:56.000,8.0,CAR,left,52.69,38.5,0.3,0.78,0.03,98.78,320.82,autoevent_ballsnap
2021091202,1319,53437.0,7,2021-09-12T18:02:56.100,8.0,CAR,left,52.66,38.52,0.47,1.33,0.04,96.57,293.03,ball_snap
2021091202,1319,53437.0,8,2021-09-12T18:02:56.200,8.0,CAR,left,52.61,38.54,0.66,1.42,0.06,99.17,285.39,None
2021091202,1319,53437.0,9,2021-09-12T18:02:56.300,8.0,CAR,left,52.53,38.56,0.88,1.5,0.08,102.79,282.87,None
2021091202,1319,53437.0,10,2021-09-12T18:02:56.400,8.0,CAR,left,52.41,38.59,1.23,1.73,0.12,106.5,282.85,None
2021091202,1319,53437.0,11,2021-09-12T18:02:56.500,8.0,CAR,left,52.27,38.62,1.51,1.93,0.15,99.56,281.57,None
2021091202,1319,53437.0,12,2021-09-12T18:02:56.600,8.0,CAR,left,52.1,38.65,1.79,1.91,0.17,98.91,278.84,None
2021091202,1319,53437.0,13,2021-09-12T18:02:56.700,8.0,CAR,left,51.91,38.68,1.99,1.62,0.19,105.08,278.87,None
2021091202,1319,53437.0,14,2021-09-12T18:02:56.800,8.0,CAR,left,51.7,38.72,2.18,1.39,0.21,124.79,280.44,None
2021091202,1319,53437.0,15,2021-09-12T18:02:56.900,8.0,CAR,left,51.48,38.76,2.32,1.2,0.22,165.69,280.53,None
2021091202,1319,53437.0,16,2021-09-12T18:02:57.000,8.0,CAR,left,51.24,38.81,2.45,0.96,0.24,175.23,281.08,None
2021091202,1319,53437.0,17,2021-09-12T18:02:57.100,8.0,CAR,left,51.0,38.86,2.53,0.66,0.25,169.11,281.97,None
2021091202,1319,53437.0,18,2021-09-12T18:02:57.200,8.0,CAR,left,50.75,38.91,2.58,0.41,0.26,159.13,282.45,None
2021091202,1319,53437.0,19,2021-09-12T18:02:57.300,8.0,CAR,left,50.49,38.98,2.63,0.41,0.26,165.14,284.13,None
2021091202,1319,53437.0,20,2021-09-12T18:02:57.400,8.0,CAR,left,50.25,39.04,2.56,0.51,0.26,177.2,285.34,None
2021091202,1319,53437.0,21,2021-09-12T18:02:57.500,8.0,CAR,left,50.01,39.13,2.49,1.08,0.25,194.63,290.06,None
2021091202,1319,53437.0,22,2021-09-12T18:02:57.600,8.0,CAR,left,49.79,39.22,2.41,1.28,0.24,197.69,293.56,None
2021091202,1319,53437.0,23,2021-09-12T18:02:57.700,8.0,CAR,left,49.57,39.33,2.34,1.4,0.24,202.67,297.44,None
2021091202,1319,53437.0,24,2021-09-12T18:02:57.800,8.0,CAR,left,49.37,39.44,2.28,1.24,0.23,197.55,298.96,None
2021091202,1319,53437.0,25,2021-09-12T18:02:57.900,8.0,CAR,left,49.18,39.54,2.12,1.22,0.22,193.0,298.9,None
2021091202,1319,53437.0,26,2021-09-12T18:02:58.000,8.0,CAR,left,49.0,39.62,1.95,1.25,0.2,187.83,295.3,None
2021091202,1319,53437.0,27,2021-09-12T18:02:58.100,8.0,CAR,left,48.82,39.68,1.86,1.33,0.19,183.99,289.63,None
2021091202,1319,53437.0,28,2021-09-12T18:02:58.200,8.0,CAR,left,48.63,39.7,1.78,1.8,0.18,183.99,277.84,None
2021091202,1319,53437.0,29,2021-09-12T18:02:58.300,8.0,CAR,left,48.43,39.67,1.9,2.76,0.2,179.39,262.62,None
2021091202,1319,53437.0,30,2021-09-12T18:02:58.400,8.0,CAR,left,48.23,39.59,2.13,3.45,0.22,173.93,246.94,None
2021091202,1319,53437.0,31,2021-09-12T18:02:58.500,8.0,CAR,left,48.02,39.45,2.55,3.9,0.26,171.07,235.66,None
2021091202,1319,53437.0,32,2021-09-12T18:02:58.600,8.0,CAR,left,47.77,39.23,3.24,4.76,0.33,176.65,226.96,autoevent_passforward
2021091202,1319,53437.0,33,2021-09-12T18:02:58.700,8.0,CAR,left,47.53,38.97,3.76,5.0,0.35,171.45,220.91,pass_forward
2021091202,1319,53437.0,34,2021-09-12T18:02:58.800,8.0,CAR,left,47.28,38.65,4.3,5.05,0.41,169.44,216.2,None
2021091202,1319,53437.0,35,2021-09-12T18:02:58.900,8.0,CAR,left,47.03,38.28,4.68,4.98,0.44,172.04,210.81,None
2021091202,1319,53437.0,36,2021-09-12T18:02:59.000,8.0,CAR,left,46.81,37.85,5.01,4.3,0.48,171.36,205.46,None
2021091202,1319,53437.0,37,2021-09-12T18:02:59.100,8.0,CAR,left,46.62,37.38,5.22,3.82,0.51,169.29,199.88,None
2021091202,1319,53443.0,1,2021-09-12T18:02:55.500,75.0,NYJ,left,60.39,28.12,0.01,0.02,0.01,264.64,178.16,None
2021091202,1319,53443.0,2,2021-09-12T18:02:55.600,75.0,NYJ,left,60.39,28.13,0.01,0.1,0.01,263.89,164.85,None
2021091202,1319,53443.0,3,2021-09-12T18:02:55.700,75.0,NYJ,left,60.39,28.14,0.02,0.36,0.01,263.89,23.04,None
2021091202,1319,53443.0,4,2021-09-12T18:02:55.800,75.0,NYJ,left,60.4,28.15,0.12,0.88,0.02,264.61,17.76,None
2021091202,1319,53443.0,5,2021-09-12T18:02:55.900,75.0,NYJ,left,60.42,28.18,0.28,1.14,0.03,265.57,31.44,None
2021091202,1319,53443.0,6,2021-09-12T18:02:56.000,75.0,NYJ,left,60.45,28.21,0.45,1.12,0.04,263.72,38.45,autoevent_ballsnap
2021091202,1319,53443.0,7,2021-09-12T18:02:56.100,75.0,NYJ,left,60.49,28.25,0.58,0.96,0.06,262.81,41.88,ball_snap
2021091202,1319,53443.0,8,2021-09-12T18:02:56.200,75.0,NYJ,left,60.52,28.3,0.65,0.61,0.06,259.85,40.16,None
2021091202,1319,53443.0,9,2021-09-12T18:02:56.300,75.0,NYJ,left,60.56,28.35,0.7,0.33,0.07,254.9,39.75,None
2021091202,1319,53443.0,10,2021-09-12T18:02:56.400,75.0,NYJ,left,60.62,28.4,0.74,0.17,0.08,249.11,43.99,None
2021091202,1319,53443.0,11,2021-09-12T18:02:56.500,75.0,NYJ,left,60.68,28.45,0.73,0.15,0.07,245.12,46.1,None
2021091202,1319,53443.0,12,2021-09-12T18:02:56.600,75.0,NYJ,left,60.74,28.47,0.68,0.42,0.06,236.87,54.66,None
2021091202,1319,53443.0,13,2021-09-12T18:02:56.700,75.0,NYJ,left,60.83,28.47,0.7,0.71,0.09,229.68,72.1,None
2021091202,1319,53443.0,14,2021-09-12T18:02:56.800,75.0,NYJ,left,60.91,28.47,0.76,1.09,0.09,224.86,86.47,None
2021091202,1319,53443.0,15,2021-09-12T18:02:56.900,75.0,NYJ,left,61.0,28.45,0.86,1.49,0.09,220.67,99.87,None
2021091202,1319,53443.0,16,2021-09-12T18:02:57.000,75.0,NYJ,left,61.11,28.42,1.05,1.51,0.11,219.16,107.32,None
2021091202,1319,53443.0,17,2021-09-12T18:02:57.100,75.0,NYJ,left,61.23,28.39,1.21,1.13,0.12,216.32,109.94,None
2021091202,1319,53443.0,18,2021-09-12T18:02:57.200,75.0,NYJ,left,61.36,28.35,1.33,0.64,0.13,214.0,108.82,None
2021091202,1319,53443.0,19,2021-09-12T18:02:57.300,75.0,NYJ,left,61.48,28.31,1.35,0.16,0.13,211.07,108.19,None
2021091202,1319,53443.0,20,2021-09-12T18:02:57.400,75.0,NYJ,left,61.62,28.3,1.33,0.38,0.13,208.86,101.96,None
2021091202,1319,53443.0,21,2021-09-12T18:02:57.500,75.0,NYJ,left,61.75,28.32,1.3,0.96,0.14,206.03,89.92,None
2021091202,1319,53443.0,22,2021-09-12T18:02:57.600,75.0,NYJ,left,61.88,28.34,1.28,1.11,0.13,207.07,82.84,None
2021091202,1319,53443.0,23,2021-09-12T18:02:57.700,75.0,NYJ,left,62.0,28.37,1.23,1.2,0.12,205.51,75.75,None
2021091202,1319,53443.0,24,2021-09-12T18:02:57.800,75.0,NYJ,left,62.1,28.4,1.1,1.15,0.1,202.08,71.67,None
2021091202,1319,53443.0,25,2021-09-12T18:02:57.900,75.0,NYJ,left,62.2,28.47,1.1,1.19,0.12,194.9,60.38,None
2021091202,1319,53443.0,26,2021-09-12T18:02:58.000,75.0,NYJ,left,62.3,28.49,1.02,0.9,0.1,189.98,62.82,None
2021091202,1319,53443.0,27,2021-09-12T18:02:58.100,75.0,NYJ,left,62.41,28.5,0.95,0.75,0.11,184.03,70.84,None
2021091202,1319,53443.0,28,2021-09-12T18:02:58.200,75.0,NYJ,left,62.51,28.48,0.92,0.95,0.11,182.27,86.29,None
2021091202,1319,53443.0,29,2021-09-12T18:02:58.300,75.0,NYJ,left,62.61,28.44,0.93,1.3,0.1,181.62,102.91,None
2021091202,1319,53443.0,30,2021-09-12T18:02:58.400,75.0,NYJ,left,62.7,28.36,1.06,1.7,0.12,175.64,122.48,None
2021091202,1319,53443.0,31,2021-09-12T18:02:58.500,75.0,NYJ,left,62.8,28.24,1.32,1.98,0.16,171.69,136.81,None
2021091202,1319,53443.0,32,2021-09-12T18:02:58.600,75.0,NYJ,left,62.9,28.07,1.71,2.14,0.2,169.78,147.01,autoevent_passforward
2021091202,1319,53443.0,33,2021-09-12T18:02:58.700,75.0,NYJ,left,63.0,27.89,2.01,1.94,0.21,166.16,151.89,pass_forward
2021091202,1319,53443.0,34,2021-09-12T18:02:58.800,75.0,NYJ,left,63.08,27.66,2.31,1.93,0.24,159.98,158.94,None
2021091202,1319,53443.0,35,2021-09-12T18:02:58.900,75.0,NYJ,left,63.18,27.42,2.54,1.37,0.26,161.33,160.01,None
2021091202,1319,53443.0,36,2021-09-12T18:02:59.000,75.0,NYJ,left,63.22,27.17,2.6,1.1,0.25,165.93,166.18,None
2021091202,1319,53443.0,37,2021-09-12T18:02:59.100,75.0,NYJ,left,63.26,26.92,2.6,1.1,0.26,167.64,169.89,None
2021091202,1319,53463.0,1,2021-09-12T18:02:55.500,8.0,NYJ,left,60.26,17.11,0.0,0.0,0.0,164.49,204.24,None
2021091202,1319,53463.0,2,2021-09-12T18:02:55.600,8.0,NYJ,left,60.26,17.11,0.0,0.0,0.0,168.69,205.91,None
2021091202,1319,53463.0,3,2021-09-12T18:02:55.700,8.0,NYJ,left,60.26,17.11,0.0,0.0,0.0,170.21,210.01,None
2021091202,1319,53463.0,4,2021-09-12T18:02:55.800,8.0,NYJ,left,60.25,17.11,0.0,0.0,0.0,178.67,217.3,None
2021091202,1319,53463.0,5,2021-09-12T18:02:55.900,8.0,NYJ,left,60.25,17.12,0.0,0.0,0.01,187.19,230.42,None
2021091202,1319,53463.0,6,2021-09-12T18:02:56.000,8.0,NYJ,left,60.24,17.12,0.03,0.54,0.01,191.23,295.21,autoevent_ballsnap
2021091202,1319,53463.0,7,2021-09-12T18:02:56.100,8.0,NYJ,left,60.23,17.12,0.18,1.5,0.02,195.09,283.36,ball_snap
2021091202,1319,53463.0,8,2021-09-12T18:02:56.200,8.0,NYJ,left,60.18,17.12,0.51,2.64,0.04,195.09,272.04,None
2021091202,1319,53463.0,9,2021-09-12T18:02:56.300,8.0,NYJ,left,60.11,17.12,0.88,3.21,0.08,205.17,271.24,None
2021091202,1319,53463.0,10,2021-09-12T18:02:56.400,8.0,NYJ,left,59.98,17.13,1.36,3.52,0.13,209.15,271.71,None
2021091202,1319,53463.0,11,2021-09-12T18:02:56.500,8.0,NYJ,left,59.78,17.14,1.94,3.86,0.2,205.8,273.33,None
2021091202,1319,53463.0,12,2021-09-12T18:02:56.600,8.0,NYJ,left,59.56,17.15,2.35,3.51,0.22,206.84,272.77,None
2021091202,1319,53463.0,13,2021-09-12T18:02:56.700,8.0,NYJ,left,59.29,17.16,2.76,3.21,0.27,202.45,272.09,None
2021091202,1319,53463.0,14,2021-09-12T18:02:56.800,8.0,NYJ,left,58.99,17.15,3.1,2.71,0.3,204.15,270.37,None
2021091202,1319,53463.0,15,2021-09-12T18:02:56.900,8.0,NYJ,left,58.65,17.13,3.41,2.37,0.34,196.85,267.87,None
2021091202,1319,53463.0,16,2021-09-12T18:02:57.000,8.0,NYJ,left,58.3,17.12,3.64,1.83,0.36,208.34,267.48,None
2021091202,1319,53463.0,17,2021-09-12T18:02:57.100,8.0,NYJ,left,57.93,17.12,3.74,1.08,0.36,229.85,268.96,None
2021091202,1319,53463.0,18,2021-09-12T18:02:57.200,8.0,NYJ,left,57.57,17.17,3.73,0.8,0.36,282.2,273.52,None
2021091202,1319,53463.0,19,2021-09-12T18:02:57.300,8.0,NYJ,left,57.21,17.23,3.66,1.68,0.36,330.47,279.2,None
2021091202,1319,53463.0,20,2021-09-12T18:02:57.400,8.0,NYJ,left,56.86,17.32,3.62,2.4,0.36,340.17,285.02,None
2021091202,1319,53463.0,21,2021-09-12T18:02:57.500,8.0,NYJ,left,56.51,17.46,3.71,3.22,0.38,353.41,293.32,None
2021091202,1319,53463.0,22,2021-09-12T18:02:57.600,8.0,NYJ,left,56.2,17.66,3.75,3.83,0.37,0.41,302.47,None
2021091202,1319,53463.0,23,2021-09-12T18:02:57.700,8.0,NYJ,left,55.91,17.92,3.91,4.62,0.39,3.9,313.14,None
2021091202,1319,53463.0,24,2021-09-12T18:02:57.800,8.0,NYJ,left,55.64,18.21,4.09,4.71,0.4,3.9,321.14,None
2021091202,1319,53463.0,25,2021-09-12T18:02:57.900,8.0,NYJ,left,55.4,18.56,4.29,4.48,0.42,6.27,328.38,None
2021091202,1319,53463.0,26,2021-09-12T18:02:58.000,8.0,NYJ,left,55.2,18.94,4.43,3.89,0.43,5.21,333.61,None
2021091202,1319,53463.0,27,2021-09-12T18:02:58.100,8.0,NYJ,left,55.03,19.35,4.46,3.56,0.44,359.12,339.47,None
2021091202,1319,53463.0,28,2021-09-12T18:02:58.200,8.0,NYJ,left,54.89,19.77,4.48,2.99,0.45,357.32,343.43,None
2021091202,1319,53463.0,29,2021-09-12T18:02:58.300,8.0,NYJ,left,54.76,20.2,4.41,2.21,0.44,355.59,345.44,None
2021091202,1319,53463.0,30,2021-09-12T18:02:58.400,8.0,NYJ,left,54.65,20.61,4.25,1.84,0.43,353.71,346.47,None
2021091202,1319,53463.0,31,2021-09-12T18:02:58.500,8.0,NYJ,left,54.53,21.01,4.04,1.81,0.41,353.02,344.36,None
2021091202,1319,53463.0,32,2021-09-12T18:02:58.600,8.0,NYJ,left,54.4,21.36,3.66,3.18,0.38,356.46,338.85,autoevent_passforward
2021091202,1319,53463.0,33,2021-09-12T18:02:58.700,8.0,NYJ,left,54.26,21.68,3.37,3.83,0.35,355.27,333.8,pass_forward
2021091202,1319,53463.0,34,2021-09-12T18:02:58.800,8.0,NYJ,left,54.09,21.96,3.12,4.2,0.32,352.82,325.88,None
2021091202,1319,53463.0,35,2021-09-12T18:02:58.900,8.0,NYJ,left,53.9,22.2,3.03,4.41,0.31,351.22,315.81,None
2021091202,1319,53463.0,36,2021-09-12T18:02:59.000,8.0,NYJ,left,53.67,22.4,3.05,4.23,0.3,345.48,306.84,None
2021091202,1319,53463.0,37,2021-09-12T18:02:59.100,8.0,NYJ,left,53.41,22.56,3.14,3.9,0.31,342.48,299.05,None
2021091202,1319,,1,2021-09-12T18:02:55.500,,football,left,59.24,29.85,0.0,0.0,0.0,,,None
2021091202,1319,,2,2021-09-12T18:02:55.600,,football,left,59.24,29.85,0.0,0.0,0.0,,,None
2021091202,1319,,3,2021-09-12T18:02:55.700,,football,left,59.24,29.85,0.0,0.0,0.0,,,None
2021091202,1319,,4,2021-09-12T18:02:55.800,,football,left,59.24,29.85,0.0,0.0,0.0,,,None
2021091202,1319,,5,2021-09-12T18:02:55.900,,football,left,59.24,29.85,0.0,0.0,0.0,,,None
2021091202,1319,,6,2021-09-12T18:02:56.000,,football,left,59.24,29.85,0.0,0.0,0.0,,,autoevent_ballsnap
2021091202,1319,,7,2021-09-12T18:02:56.100,,football,left,61.26,29.8,7.11,0.02,2.02,,,ball_snap
2021091202,1319,,8,2021-09-12T18:02:56.200,,football,left,61.83,29.78,7.09,0.56,0.57,,,None
2021091202,1319,,9,2021-09-12T18:02:56.300,,football,left,62.5,29.74,6.9,1.91,0.67,,,None
2021091202,1319,,10,2021-09-12T18:02:56.400,,football,left,63.17,29.73,6.64,2.62,0.68,,,None
2021091202,1319,,11,2021-09-12T18:02:56.500,,football,left,63.7,29.7,5.88,5.0,0.53,,,None
2021091202,1319,,12,2021-09-12T18:02:56.600,,football,left,64.27,29.7,5.45,8.15,0.57,,,None
2021091202,1319,,13,2021-09-12T18:02:56.700,,football,left,64.66,29.67,4.62,9.15,0.39,,,None
2021091202,1319,,14,2021-09-12T18:02:56.800,,football,left,65.07,29.66,3.74,8.12,0.42,,,None
2021091202,1319,,15,2021-09-12T18:02:56.900,,football,left,65.28,29.64,2.86,7.16,0.21,,,None
2021091202,1319,,16,2021-09-12T18:02:57.000,,football,left,65.54,29.63,2.21,5.95,0.25,,,None
2021091202,1319,,17,2021-09-12T18:02:57.100,,football,left,65.61,29.62,1.58,4.62,0.07,,,None
2021091202,1319,,18,2021-09-12T18:02:57.200,,football,left,65.74,29.61,1.17,3.55,0.14,,,None
2021091202,1319,,19,2021-09-12T18:02:57.300,,football,left,65.73,29.61,0.81,2.57,0.01,,,None
2021091202,1319,,20,2021-09-12T18:02:57.400,,football,left,65.8,29.61,0.59,1.91,0.07,,,None
2021091202,1319,,21,2021-09-12T18:02:57.500,,football,left,65.78,29.63,0.41,1.34,0.03,,,None
2021091202,1319,,22,2021-09-12T18:02:57.600,,football,left,65.81,29.63,0.29,0.97,0.03,,,None
2021091202,1319,,23,2021-09-12T18:02:57.700,,football,left,65.84,29.63,0.21,0.7,0.02,,,None
2021091202,1319,,24,2021-09-12T18:02:57.800,,football,left,65.88,29.63,0.15,0.51,0.04,,,None
2021091202,1319,,25,2021-09-12T18:02:57.900,,football,left,65.94,29.56,0.12,0.36,0.09,,,None
2021091202,1319,,26,2021-09-12T18:02:58.000,,football,left,66.03,29.56,0.1,0.15,0.09,,,None
2021091202,1319,,27,2021-09-12T18:02:58.100,,football,left,65.9,29.6,0.01,0.59,0.13,,,None
2021091202,1319,,28,2021-09-12T18:02:58.200,,football,left,65.88,29.62,0.13,1.09,0.03,,,None
2021091202,1319,,29,2021-09-12T18:02:58.300,,football,left,65.86,29.62,0.32,1.96,0.02,,,None
2021091202,1319,,30,2021-09-12T18:02:58.400,,football,left,65.82,29.64,0.54,2.06,0.04,,,None
2021091202,1319,,31,2021-09-12T18:02:58.500,,football,left,65.76,29.66,0.74,2.01,0.06,,,None
2021091202,1319,,32,2021-09-12T18:02:58.600,,football,left,65.69,29.69,0.92,1.62,0.08,,,autoevent_passforward
2021091202,1319,,33,2021-09-12T18:02:58.700,,football,left,65.5,29.78,1.34,1.57,0.21,,,pass_forward
2021091202,1319,,34,2021-09-12T18:02:58.800,,football,left,61.58,30.73,22.02,1.05,4.04,,,None
2021091202,1319,,35,2021-09-12T18:02:58.900,,football,left,59.43,31.19,21.85,2.32,2.19,,,None
2021091202,1319,,36,2021-09-12T18:02:59.000,,football,left,57.31,31.65,21.57,3.31,2.17,,,None
2021091202,1319,,37,2021-09-12T18:02:59.100,,football,left,55.21,32.1,21.2,4.1,2.14,,,None
